id,link,bedrooms,bathrooms,area_m2,price,date,condition,location,latitude,longitude
P1753730712_0,https://www.fincaraiz.com.co/casa-en-venta-en-cucuta/191939788,7,5,342,800.000.000,2025-07-28 14:25:12.481270,Usado,"Cúcuta, Norte de santander",7.896265899198,-72.495016346003
P1753730714_1,https://www.fincaraiz.com.co/casa-en-venta-en-prados-del-este-cucuta/192672080,3,3,112,320.000.000,2025-07-28 14:25:14.721314,Usado,"Prados del Este, Cúcuta, Norte de santander",7.9106933,-72.4734863
P1753730717_2,https://www.fincaraiz.com.co/casa-en-venta-en-cucuta/192110140,4,6,290,900.000.000,2025-07-28 14:25:17.034293,Usado,"Cúcuta, Norte de santander",7.8640354239602,-72.463502883911
P1753730718_3,https://www.fincaraiz.com.co/casa-en-venta-en-cucuta/192027917,3,2,111,280.000.000,2025-07-28 14:25:18.930120,Usado,"Cúcuta, Norte de santander",7.908263997132,-72.473620964435
P1753730720_4,https://www.fincaraiz.com.co/casa-en-venta-en-cucuta/191884196,3,6,340,1.500.000.000,2025-07-28 14:25:20.980928,Usado,"Cúcuta, Norte de santander",7.882056779535,-72.496358702498
P1753730722_5,https://www.fincaraiz.com.co/casa-en-venta-en-chia/191855927,4,4,332,1.700.000.000,2025-07-28 14:25:22.784574,Usado,"Chía, Norte de santander",7.9167247,-72.4870017
P1753730724_6,https://www.fincaraiz.com.co/casa-en-venta-en-cucuta/191842548,4,3,107,350.000.000,2025-07-28 14:25:24.687937,Usado,"Cúcuta, Norte de santander",7.893873023443,-72.486088233782
P1753730727_7,https://www.fincaraiz.com.co/casa-en-venta-en-libertadores-cucuta/192689683,4,3,173,1.200.000.000,2025-07-28 14:25:27.378404,Usado,"Libertadores, Cúcuta, Norte de santander",7.8838501527585,-72.492932598977
P1753730729_8,https://www.fincaraiz.com.co/casa-en-venta-en-la-riviera-cucuta/192471412,3,3,280,750.000.000,2025-07-28 14:25:29.446539,Usado,"La riviera, Cúcuta, Norte de santander",7.8890571,-72.4916421
P1753730731_9,https://www.fincaraiz.com.co/casa-en-venta-en-cucuta/192133463,4,5,309,900.000.000,2025-07-28 14:25:31.474612,Usado,"Cúcuta, Norte de santander",7.889044586517,-72.4898554536
P1753730733_10,https://www.fincaraiz.com.co/casa-en-venta-en-san-luis-cucuta/192620471,3,1,169,340.000.000,2025-07-28 14:25:33.519845,Usado,"San luis, Cúcuta, Norte de santander",7.8931730147989,-72.479763273324
P1753730735_11,https://www.fincaraiz.com.co/casa-en-venta-en-cucuta/192214503,3,2,114,150.000.000,2025-07-28 14:25:35.787934,Usado,"Cúcuta, Norte de santander",7.906026,-72.512393
P1753730738_12,https://www.fincaraiz.com.co/casa-en-venta-en-niza-cucuta/192574600,3,4,167,530.000.000,2025-07-28 14:25:38.058288,Usado,"Niza, Cúcuta, Norte de santander",7.8818377590564,-72.47402081977
P1753730740_13,https://www.fincaraiz.com.co/casa-en-venta-en-cucuta/192004878,4,4,200,650.000.000,2025-07-28 14:25:40.072611,Usado,"Cúcuta, Norte de santander",7.9167466356123,-72.486763000488
P1753730742_14,https://www.fincaraiz.com.co/casa-en-venta-en-la-ceiba-cucuta/192557353,4,4,300,500.000.000,2025-07-28 14:25:42.307261,Usado,"La ceiba, Cúcuta, Norte de santander",7.895526982795,-72.498869939008
P1753730745_15,https://www.fincaraiz.com.co/casa-en-venta-en-cucuta/192095292,3,2,112,160.000.000,2025-07-28 14:25:45.357163,Usado,"Cúcuta, Norte de santander",7.876283809485,-72.501753229882
P1753730748_16,https://www.fincaraiz.com.co/casa-en-venta-en-caobos-cucuta/5800542,11,8,600,1.505.000.000,2025-07-28 14:25:48.143401,Usado,"Caobos, Cúcuta, Norte de santander",7.8848895,-72.4953147
P1753730750_17,https://www.fincaraiz.com.co/casa-en-venta-en-caobos-cucuta/191877802,5,6,960,2.000.000.000,2025-07-28 14:25:50.836324,Usado,"Caobos, Cúcuta, Norte de santander",7.8833342,-72.4953398
P1753730752_18,https://www.fincaraiz.com.co/casa-en-venta-en-los-patios-cucuta/192112133,3,4,125,450.000.000,2025-07-28 14:25:52.922536,Usado,"Los patios, Norte de santander",7.8614421991854,-72.49255657196
P1753730755_19,https://www.fincaraiz.com.co/casa-en-venta-en-latino-cucuta/192687442,7,6,600,1.150.000.000,2025-07-28 14:25:55.314036,Usado,"Latino, Cúcuta, Norte de santander",7.8921031,-72.5029397
P1753730757_20,https://www.fincaraiz.com.co/casa-en-venta-en-la-cabrera-cucuta/191912311,3,1,77,210.000.000,2025-07-28 14:25:57.665640,Usado,"La cabrera, Cúcuta, Norte de santander",7.878950009066,-72.502815971385
P1753730764_0,https://www.fincaraiz.com.co/casa-en-venta-en-santander-cucuta/191917151,3,3,66,280.000.000,2025-07-28 14:26:04.985834,Usado,"Santander, Cúcuta, Norte de santander",7.870577996536,-72.517441973331
P1753730766_1,https://www.fincaraiz.com.co/casa-en-venta-en-cucuta/192079461,3,3,120,250.000.000,2025-07-28 14:26:06.975685,Usado,"Cúcuta, Norte de santander",7.8941326487467,-72.481570243835
P1753730769_2,https://www.fincaraiz.com.co/casa-en-venta-en-cucuta/192071078,3,4,170,380.000.000,2025-07-28 14:26:09.137119,Usado,"Cúcuta, Norte de santander",7.8862388,-72.4913939
P1753730771_3,https://www.fincaraiz.com.co/casa-en-venta-en-los-pinos-cucuta/191850077,1,1,287,1.100.000.000,2025-07-28 14:26:11.661126,Usado,"Los pinos, Cúcuta, Norte de santander",7.8963256,-72.4919483
P1753730774_4,https://www.fincaraiz.com.co/proyectos-vivienda/cannes-casas-en-venta-en-niza-cucuta/15017406,3,3,103.58,518.000.000,2025-07-28 14:26:14.960076,Proyecto,"Niza, Cúcuta, Norte de santander",7.9060446,-72.4834591
P1753730777_5,https://www.fincaraiz.com.co/casa-en-venta-en-ceiba-ii-cucuta/192637946,6,4,162,540.000.000,2025-07-28 14:26:17.658942,Usado,"Ceiba ii, Cúcuta, Norte de santander",7.9073345643452,-72.4967081981
P1753730780_6,https://www.fincaraiz.com.co/casa-en-venta-en-quinta-oriental-cucuta/191917003,6,7,406,850.000.000,2025-07-28 14:26:20.557651,Usado,"Quinta oriental, Cúcuta, Norte de santander",7.89648656482,-72.493632050583
P1753730782_7,https://www.fincaraiz.com.co/casa-en-venta-en-la-playa-cucuta/11082480,4,2,132,300.000.000,2025-07-28 14:26:22.972961,Usado,"La playa, Cúcuta, Norte de santander",7.886259992554,-72.499920023838
P1753730785_8,https://www.fincaraiz.com.co/casa-en-venta-en-universidad-libre-cucuta/11066406,3,5,378,550.000.000,2025-07-28 14:26:25.570826,Usado,"Universidad libre, Cúcuta, Norte de santander",7.91091401964,-72.497564038493
P1753730788_9,https://www.fincaraiz.com.co/casa-en-venta-en-bellavista-cucuta/11082255,3,5,150,270.000.000,2025-07-28 14:26:28.297310,Usado,"Bellavista, Cúcuta, Norte de santander",7.881449995507,-72.478699978664
P1753730789_10,https://www.fincaraiz.com.co/casa-en-venta-en-quinta-oriental-cucuta/11081969,4,4,60,255.000.000,2025-07-28 14:26:29.798836,Usado,"Quinta oriental, Cúcuta, Norte de santander",7.894880233809,-72.494294475164
P1753730792_11,https://www.fincaraiz.com.co/casa-en-venta-en-cucuta/191701925,4,6,180,550.000.000,2025-07-28 14:26:32.088122,Usado,"Cúcuta, Norte de santander",7.902788383512,-72.497100331491
P1753730794_12,https://www.fincaraiz.com.co/casa-en-venta-en-cucuta/191816720,4,7,292,1.750.000.000,2025-07-28 14:26:34.543713,Usado,"Cúcuta, Norte de santander",7.87001887021,-72.501631544544
P1753730799_14,https://www.fincaraiz.com.co/casa-en-venta-en-el-salado-cucuta/11082319,5,2,200,380.000.000,2025-07-28 14:26:39.406074,Usado,"El salado, Cúcuta, Norte de santander",7.9379751266505,-72.493546953468
P1753730801_15,https://www.fincaraiz.com.co/casa-en-venta-en-libertadores-cucuta/11082300,4,4,150,370.000.000,2025-07-28 14:26:41.620157,Usado,"Libertadores, Cúcuta, Norte de santander",7.881642813424,-72.493575141409
P1753730804_16,https://www.fincaraiz.com.co/casa-en-venta-en-atalaya-cucuta/11108444,3,2,140,220.000.000,2025-07-28 14:26:44.616219,Usado,"Atalaya, Cúcuta, Norte de santander",7.9128208,-72.52772
P1753730807_17,https://www.fincaraiz.com.co/casa-en-venta-en-la-libertad-cucuta/191714398,6,4,187,250.000.000,2025-07-28 14:26:47.819926,Usado,"La libertad, Cúcuta, Norte de santander",7.940069625729,-72.506250293364
P1753730810_18,https://www.fincaraiz.com.co/casa-en-venta-en-quinta-oriental-cucuta/11082298,4,5,178,450.000.000,2025-07-28 14:26:50.902753,Usado,"Quinta oriental, Cúcuta, Norte de santander",7.8981,-72.49062
P1753730813_19,https://www.fincaraiz.com.co/casa-en-venta-en-san-luis-cucuta/11082301,4,3,154,460.000.000,2025-07-28 14:26:53.307250,Usado,"San luis, Cúcuta, Norte de santander",7.88788,-72.48552
P1753730816_20,https://www.fincaraiz.com.co/casa-en-venta-en-nuevo-escobal-cucuta/11082229,5,3,150,260.000.000,2025-07-28 14:26:56.286752,Usado,"Nuevo escobal, Cúcuta, Norte de santander",7.915858166017,-72.465500618591
P1753730830_0,https://www.fincaraiz.com.co/casa-en-venta-en-torcoroma-siglo-xxi-cucuta/11082354,3,2,90,180.000.000,2025-07-28 14:27:10.485612,Usado,"Torcoroma siglo xxi, Cúcuta, Norte de santander",7.896660006557,-72.470640024389
P1753730833_1,https://www.fincaraiz.com.co/casa-en-venta-en-do%C3%B1a-nidia-cucuta/11010034,3,3,124,270.000.000,2025-07-28 14:27:13.082164,Usado,"Doña nidia, Cúcuta, Norte de santander",7.891965554045,-72.530288329595
P1753730835_2,https://www.fincaraiz.com.co/casa-en-venta-en-quinta-oriental-cucuta/191609786,4,2,150,480.000.000,2025-07-28 14:27:15.374567,Usado,"Quinta oriental, Cúcuta, Norte de santander",7.898985649412,-72.490541596194
P1753730837_3,https://www.fincaraiz.com.co/casa-en-venta-en-la-playa-cucuta/191228430,3,2,150,280.000.000,2025-07-28 14:27:17.946616,Usado,"La playa, Cúcuta, Norte de santander",7.878518227557,-72.499620781311
P1753730840_4,https://www.fincaraiz.com.co/casa-en-venta-en-ciudad-jardin-cucuta/10769937,3,2,170,320.000.000,2025-07-28 14:27:20.094547,Usado,"Ciudad jardin, Cúcuta, Norte de santander",7.90912,-72.48895
P1753730842_5,https://www.fincaraiz.com.co/casa-en-venta-en-torcoroma-ii-sc-i-cucuta/11043445,3,2,70,195.000.000,2025-07-28 14:27:22.809332,Usado,"Torcoroma ii sc i, Cúcuta, Norte de santander",7.894,-72.472
P1753730845_6,https://www.fincaraiz.com.co/casa-en-venta-en-ceiba-ii-cucuta/10920455,5,7,279,650.000.000,2025-07-28 14:27:25.652805,Usado,"Ceiba ii, Cúcuta, Norte de santander",7.905895536716,-72.493489578841
P1753730848_7,https://www.fincaraiz.com.co/casa-en-venta-en-la-gazapa-cucuta/10774690,9,5,275,900.000.000,2025-07-28 14:27:28.130620,Usado,"La gazapa, Cúcuta, Norte de santander",7.924053700786,-72.480639218627
P1753730851_8,https://www.fincaraiz.com.co/lote-en-venta-en-guaymaral-cucuta/11046973,6,6,323,1.400.000.000,2025-07-28 14:27:31.042806,Usado,"Guaymaral, Cúcuta, Norte de santander",7.9078016733185,-72.492261864081
P1753730853_9,https://www.fincaraiz.com.co/casa-en-venta-en-minuto-de-dios-cucuta/11082210,5,3,265,1.200.000.000,2025-07-28 14:27:33.834260,Usado,"Minuto de dios, Cúcuta, Norte de santander",7.889973990435,-72.542022261626
P1753730856_10,https://www.fincaraiz.com.co/casa-en-venta-en-quinta-oriental-cucuta/11045550,5,3,230,550.000.000,2025-07-28 14:27:36.255612,Usado,"Quinta oriental, Cúcuta, Norte de santander",7.9015817407365,-72.489528235856
P1753730858_11,https://www.fincaraiz.com.co/casa-en-venta-en-niza-norte-cucuta/11082472,3,3,130,380.000.000,2025-07-28 14:27:38.575658,Usado,"Niza norte, Cúcuta, Norte de santander",7.9229482455213,-72.486361494002
P1753730860_12,https://www.fincaraiz.com.co/casa-en-venta-en-niza-cucuta/11033840,3,4,300,560.000.000,2025-07-28 14:27:40.709591,Usado,"Niza, Cúcuta, Norte de santander",7.9165600000001,-72.48648
P1753730862_13,https://www.fincaraiz.com.co/casa-en-venta-en-paramo-cucuta/10993833,3,3,299,570.000.000,2025-07-28 14:27:42.781704,Usado,"Paramo, Cúcuta, Norte de santander",7.879467717316,-72.505607815695
P1753730865_14,https://www.fincaraiz.com.co/casa-en-venta-en-popular-cucuta/191499847,6,4,331,1.100.000.000,2025-07-28 14:27:45.689142,Usado,"Popular, Cúcuta, Norte de santander",7.892827005721,-72.489493664319
P1753730868_15,https://www.fincaraiz.com.co/casa-en-venta-en-ceiba-ii-cucuta/11036299,4,4,166,430.000.000,2025-07-28 14:27:48.208799,Usado,"Ceiba ii, Cúcuta, Norte de santander",7.895624988198,-72.495159982934
P1753730870_16,https://www.fincaraiz.com.co/casa-en-venta-en-lleras-restrepo-cucuta/11047093,5,4,420,480.000.000,2025-07-28 14:27:50.723533,Usado,"Lleras restrepo, Cúcuta, Norte de santander",7.8980028501556,-72.500798998954
P1753730873_17,https://www.fincaraiz.com.co/casa-en-venta-en-blanco-cucuta/11082151,5,4,354,1.500.000.000,2025-07-28 14:27:53.088332,Usado,"Blanco, Cúcuta, Norte de santander",7.877110013681,-72.497569989645
P1753730875_18,https://www.fincaraiz.com.co/casa-en-venta-en-sector-sur-cucuta/191499799,3,2,119,180.000.000,2025-07-28 14:27:55.408264,Usado,"Sector sur, Cúcuta, Norte de santander",7.883289665702,-72.526602920946
P1753730878_19,https://www.fincaraiz.com.co/casa-en-venta-en-callejon-cucuta/11082492,20,10,374,500.000.000,2025-07-28 14:27:58.148748,Usado,"Callejon, Cúcuta, Norte de santander",7.8947403240499,-72.509507181441
P1753730880_20,https://www.fincaraiz.com.co/casa-en-venta-en-la-cabrera-cucuta/11082326,5,2,260,380.000.000,2025-07-28 14:28:00.910198,Usado,"La cabrera, Cúcuta, Norte de santander",7.8777799792019,-72.501920029755
P1753730892_0,https://www.fincaraiz.com.co/casa-en-venta-en-sector-norte-cucuta/11082218,2,2,47,160.000.000,2025-07-28 14:28:12.693680,Usado,"Sector norte, Cúcuta, Norte de santander",8.27111,-72.42778
P1753730894_1,https://www.fincaraiz.com.co/casa-en-venta-en-lleras-restrepo-cucuta/11082449,4,4,200,480.000.000,2025-07-28 14:28:14.936140,Usado,"Lleras restrepo, Cúcuta, Norte de santander",7.8941769063955,-72.499563092566
P1753730896_2,https://www.fincaraiz.com.co/casa-en-venta-en-el-bosque-cucuta/11035923,6,6,126,350.000.000,2025-07-28 14:28:16.861922,Usado,"El bosque, Cúcuta, Norte de santander",7.9162856199719,-72.511201123444
P1753730898_3,https://www.fincaraiz.com.co/casa-en-venta-en-lleras-restrepo-cucuta/11082487,4,4,150,450.000.000,2025-07-28 14:28:18.709966,Usado,"Lleras restrepo, Cúcuta, Norte de santander",7.896208221976,-72.500181120122
P1753730900_4,https://www.fincaraiz.com.co/casa-en-venta-en-el-salado-cucuta/11082365,1,1,375,320.000.000,2025-07-28 14:28:20.849633,Usado,"El salado, Cúcuta, Norte de santander",7.9388471495749,-72.493579063285
P1753730903_5,https://www.fincaraiz.com.co/casa-en-venta-en-lleras-restrepo-cucuta/11082496,4,4,208,400.000.000,2025-07-28 14:28:23.031084,Usado,"Lleras restrepo, Cúcuta, Norte de santander",7.8975771725931,-72.501487151238
P1753730906_6,https://www.fincaraiz.com.co/casa-en-venta-en-niza-cucuta/11082390,4,4,167,480.000.000,2025-07-28 14:28:26.375220,Usado,"Niza, Cúcuta, Norte de santander",7.9165600000001,-72.48648
P1753730908_7,https://www.fincaraiz.com.co/casa-en-venta-en-niza-cucuta/191516659,3,4,105,450.000.000,2025-07-28 14:28:28.211063,Usado,"Niza, Cúcuta, Norte de santander",7.920383144842,-72.487654664738
P1753730910_8,https://www.fincaraiz.com.co/casa-en-venta-en-libertadores-cucuta/191499966,5,2,204,1.300.000.000,2025-07-28 14:28:30.636195,Usado,"Libertadores, Cúcuta, Norte de santander",7.880223235488,-72.497195256418
P1753730913_9,https://www.fincaraiz.com.co/casa-en-venta-en-universidad-libre-cucuta/11082321,3,3,150,315.000.000,2025-07-28 14:28:33.192318,Usado,"Universidad libre, Cúcuta, Norte de santander",7.91295,-72.49938
P1753730915_10,https://www.fincaraiz.com.co/casa-en-venta-en-prados-del-este-cucuta/11082033,2,2,110,230.000.000,2025-07-28 14:28:35.618897,Usado,"Prados del Este, Cúcuta, Norte de santander",7.9116328932896,-72.474587447941
P1753730918_11,https://www.fincaraiz.com.co/casa-en-venta-en-torcoroma-iii-cucuta/11082381,3,1,97,225.000.000,2025-07-28 14:28:38.185519,Usado,"Torcoroma iii, Cúcuta, Norte de santander",7.8906941043472,-72.47200761705
P1753730920_12,https://www.fincaraiz.com.co/casa-en-venta-en-la-playa-cucuta/10770527,3,4,137,450.000.000,2025-07-28 14:28:40.186032,Usado,"La playa, Cúcuta, Norte de santander",7.880210018661,-72.500210037688
P1753730922_13,https://www.fincaraiz.com.co/casa-en-venta-en-guaymaral-cucuta/11046975,6,4,205,380.000.000,2025-07-28 14:28:42.543213,Usado,"Guaymaral, Cúcuta, Norte de santander",7.9101273084765,-72.49346919325
P1753730924_14,https://www.fincaraiz.com.co/casa-en-venta-en-lleras-restrepo-cucuta/11082447,3,3,400,890.000.000,2025-07-28 14:28:44.566411,Usado,"Lleras restrepo, Cúcuta, Norte de santander",7.89653,-72.50135
P1753730927_15,https://www.fincaraiz.com.co/casa-en-venta-en-sector-oriental-cucuta/191562742,3,2,78,230.000.000,2025-07-28 14:28:47.364038,Usado,"Sector oriental, Cúcuta, Norte de santander",7.916760441087,-72.466151175087
P1753730929_16,https://www.fincaraiz.com.co/casa-en-venta-en-la-ceiba-cucuta/11082159,4,4,270,668.000.000,2025-07-28 14:28:49.730896,Usado,"La ceiba, Cúcuta, Norte de santander",7.89528,-72.49755
P1753730931_17,https://www.fincaraiz.com.co/casa-en-venta-en-colsag-cucuta/191710416,4,4,405,1.500.000.000,2025-07-28 14:28:51.936074,Usado,"Colsag, Cúcuta, Norte de santander",7.8936307562052,-72.495514926377
P1753730934_18,https://www.fincaraiz.com.co/casa-en-venta-en-lleras-restrepo-cucuta/3982064,7,4,264,490.820.000,2025-07-28 14:28:54.554206,Usado,"Lleras restrepo, Cúcuta, Norte de santander",7.8931057,-72.5038477
P1753730936_19,https://www.fincaraiz.com.co/casa-en-venta-en-niza-cucuta/11082491,5,2,106,360.000.000,2025-07-28 14:28:56.914979,Usado,"Niza, Cúcuta, Norte de santander",7.9187550386036,-72.488964918297
P1753730938_20,https://www.fincaraiz.com.co/casa-en-venta-en-libertadores-cucuta/11082305,4,4,175,460.000.000,2025-07-28 14:28:58.982302,Usado,"Libertadores, Cúcuta, Norte de santander",7.881642813424,-72.493575141409
P1753730947_0,https://www.fincaraiz.com.co/casa-en-venta-en-niza-cucuta/11082126,7,6,137,480.000.000,2025-07-28 14:29:07.057345,Usado,"Niza, Cúcuta, Norte de santander",7.915309860515,-72.486660374081
P1753730949_1,https://www.fincaraiz.com.co/casa-en-venta-en-san-luis-cucuta/11082001,4,4,220,380.000.000,2025-07-28 14:29:09.816725,Usado,"San luis, Cúcuta, Norte de santander",7.8931121445,-72.485462088816
P1753730952_2,https://www.fincaraiz.com.co/casa-en-venta-en-lleras-restrepo-cucuta/11082357,6,5,177,250.000.000,2025-07-28 14:29:12.546753,Usado,"Lleras restrepo, Cúcuta, Norte de santander",7.8947484271692,-72.500821183351
P1753730954_3,https://www.fincaraiz.com.co/casa-en-venta-en-lleras-restrepo-cucuta/191633448,6,5,178,350.000.000,2025-07-28 14:29:14.963628,Usado,"Lleras restrepo, Cúcuta, Norte de santander",7.894661341745,-72.500644052634
P1753730957_4,https://www.fincaraiz.com.co/casa-en-venta-en-guaymaral-cucuta/11046802,3,2,120,280.000.000,2025-07-28 14:29:17.847452,Usado,"Guaymaral, Cúcuta, Norte de santander",7.91007624278783,-72.4945476092398
P1753730960_5,https://www.fincaraiz.com.co/casa-en-venta-en-san-luis-cucuta/11047863,7,4,240,350.000.000,2025-07-28 14:29:20.508518,Usado,"San luis, Cúcuta, Norte de santander",7.8965227,-72.4802052
P1753731023_7,https://www.fincaraiz.com.co/casa-en-venta-en-la-cabrera-cucuta/11081950,3,4,115,280.000.000,2025-07-28 14:30:23.500090,Usado,"La cabrera, Cúcuta, Norte de santander",7.879287229276,-72.502471297187
P1753731027_8,https://www.fincaraiz.com.co/casa-en-venta-en-la-merced-cucuta/191513830,2,1,131,700.000.000,2025-07-28 14:30:27.789595,Usado,"La merced, Cúcuta, Norte de santander",7.897100087387,-72.505699997689
P1753731030_9,https://www.fincaraiz.com.co/casa-en-venta-en-sevilla-cucuta/11082075,5,2,130,220.000.000,2025-07-28 14:30:30.266932,Usado,"Sevilla, Cúcuta, Norte de santander",7.912360002712,-72.505054987271
P1753731032_10,https://www.fincaraiz.com.co/casa-en-venta-en-oriental-cucuta/11081948,3,2,110,350.000.000,2025-07-28 14:30:32.553114,Usado,"Oriental, Cúcuta, Norte de santander",7.9106933,-72.4734863
P1753731034_11,https://www.fincaraiz.com.co/casa-en-venta-en-centro-cucuta/11082141,16,10,389,1.200.000.000,2025-07-28 14:30:34.970923,Usado,"Centro, Cúcuta, Norte de santander",7.88267094844,-72.507285972132
P1753731037_12,https://www.fincaraiz.com.co/casa-en-venta-en-colsag-cucuta/10774927,3,4,200,500.000.000,2025-07-28 14:30:37.012106,Usado,"Colsag, Cúcuta, Norte de santander",7.893420474319,-72.487603131547
P1753731039_13,https://www.fincaraiz.com.co/casa-en-venta-en-latino-cucuta/11047214,2,5,305,350.000.000,2025-07-28 14:30:39.228177,Usado,"Latino, Cúcuta, Norte de santander",7.8887393275244,-72.500624656677
P1753731041_14,https://www.fincaraiz.com.co/casa-en-venta-en-rafael-garcia-herreros-et-ii-cucuta/11082391,5,4,140,160.000.000,2025-07-28 14:30:41.307007,Usado,"Rafael garcia herreros et ii, Cúcuta, Norte de santander",7.9317391680344,-72.493050266872
P1753731045_15,https://www.fincaraiz.com.co/casa-en-venta-en-la-riviera-cucuta/11082478,3,3,329,800.000.000,2025-07-28 14:30:45.616965,Usado,"La riviera, Cúcuta, Norte de santander",7.8914059747784,-72.495455478462
P1753731047_16,https://www.fincaraiz.com.co/casa-en-venta-en-la-riviera-cucuta/11082224,3,3,324,800.000.000,2025-07-28 14:30:48.019257,Usado,"La riviera, Cúcuta, Norte de santander",7.88962,-72.4921
P1753731050_17,https://www.fincaraiz.com.co/casa-en-venta-en-prados-del-norte-cucuta/10811028,4,2,102,260.000.000,2025-07-28 14:30:50.160024,Usado,"Prados del norte, Cúcuta, Norte de santander",7.920501837812,-72.497951608477
P1753731052_18,https://www.fincaraiz.com.co/casa-en-venta-en-ceiba-ii-cucuta/11082254,3,3,150,250.000.000,2025-07-28 14:30:52.350678,Usado,"Ceiba ii, Cúcuta, Norte de santander",7.90399,-72.4969425
P1753731054_19,https://www.fincaraiz.com.co/casa-en-venta-en-paramo-cucuta/191585968,3,2,132,220.000.000,2025-07-28 14:30:54.361629,Usado,"Paramo, Cúcuta, Norte de santander",7.880142209064,-72.507011449201
P1753731056_20,https://www.fincaraiz.com.co/casa-en-venta-en-torcoroma-ii-sc-i-cucuta/10925310,3,4,192,395.000.000,2025-07-28 14:30:56.991049,Usado,"Torcoroma ii sc i, Cúcuta, Norte de santander",7.899970094436,-72.471782805655
P1753731064_0,https://www.fincaraiz.com.co/casa-en-venta-en-lleras-restrepo-cucuta/11082392,20,10,500,1.500.000.000,2025-07-28 14:31:04.711128,Usado,"Lleras restrepo, Cúcuta, Norte de santander",7.8938825234752,-72.500218545448
P1753731067_1,https://www.fincaraiz.com.co/casa-en-venta-en-la-playa-cucuta/11082435,6,3,520,1.200.000.000,2025-07-28 14:31:07.020152,Usado,"La playa, Cúcuta, Norte de santander",7.8809600000001,-72.50034
P1753731068_2,https://www.fincaraiz.com.co/casa-en-venta-en-san-luis-cucuta/11045953,3,3,85,250.000.000,2025-07-28 14:31:08.981547,Usado,"San luis, Cúcuta, Norte de santander",7.88841773050467,-72.4825330347448
P1753731071_3,https://www.fincaraiz.com.co/casa-en-venta-en-santander-cucuta/11082062,5,1,133,130.000.000,2025-07-28 14:31:11.552755,Usado,"Santander, Cúcuta, Norte de santander",7.872278726689,-72.518334548079
P1753731073_4,https://www.fincaraiz.com.co/casa-en-venta-en-quinta-oriental-cucuta/11082183,3,3,220,320.000.000,2025-07-28 14:31:13.750072,Usado,"Quinta oriental, Cúcuta, Norte de santander",7.895624988198,-72.495159982934
P1753731075_5,https://www.fincaraiz.com.co/casa-en-venta-en-oriental-cucuta/11082378,3,3,130,380.000.000,2025-07-28 14:31:15.786438,Usado,"Oriental, Cúcuta, Norte de santander",7.9092975415778,-72.472207618393
P1753731078_6,https://www.fincaraiz.com.co/casa-en-venta-en-sevilla-cucuta/11082228,4,4,120,500.000.000,2025-07-28 14:31:18.299859,Usado,"Sevilla, Cúcuta, Norte de santander",7.91122,-72.50371
P1753731080_7,https://www.fincaraiz.com.co/casa-en-venta-en-caobos-cucuta/10774686,3,4,227,840.000.000,2025-07-28 14:31:20.610906,Usado,"Caobos, Cúcuta, Norte de santander",7.885440634589,-72.493741470541
P1753731085_9,https://www.fincaraiz.com.co/casa-en-venta-en-aeropuerto-camilo-daza-cucuta/11082356,5,3,204,280.000.000,2025-07-28 14:31:25.072501,Usado,"Aeropuerto camilo daza, Cúcuta, Norte de santander",7.9374913963904,-72.510935909574
P1753731087_10,https://www.fincaraiz.com.co/casa-en-venta-en-caobos-cucuta/11082339,5,3,150,1.000.000.000,2025-07-28 14:31:27.231100,Usado,"Caobos, Cúcuta, Norte de santander",7.88449,-72.4944
P1753731089_11,https://www.fincaraiz.com.co/casa-en-venta-en-prados-del-norte-cucuta/191713974,4,2,78,260.000.000,2025-07-28 14:31:29.605605,Usado,"Prados del norte, Cúcuta, Norte de santander",7.918443986177,-72.495543999828
P1753731092_12,https://www.fincaraiz.com.co/casa-en-venta-en-motilones-cucuta/11082139,3,3,262,160.000.000,2025-07-28 14:31:32.033044,Usado,"Motilones, Cúcuta, Norte de santander",7.915159998422,-72.524640016502
P1753731094_13,https://www.fincaraiz.com.co/casa-en-venta-en-sevilla-cucuta/11033513,6,4,270,280.000.000,2025-07-28 14:31:34.130872,Usado,"Sevilla, Cúcuta, Norte de santander",7.9112200000001,-72.50371
P1753731096_14,https://www.fincaraiz.com.co/casa-en-venta-en-prados-ii-cucuta/192399725,3,3,180,480.000.000,2025-07-28 14:31:36.321896,Usado,"Prados ii, Cúcuta, Norte de santander",7.8991045,-72.4859106
P1753731099_15,https://www.fincaraiz.com.co/casa-en-venta-en-la-cabrera-cucuta/11082441,8,4,270,318.000.000,2025-07-28 14:31:39.623508,Usado,"La cabrera, Cúcuta, Norte de santander",7.8782918929452,-72.502443939593
P1753731102_16,https://www.fincaraiz.com.co/casa-en-venta-en-san-eduardo-cucuta/191609254,5,5,110,620.000.000,2025-07-28 14:31:42.666349,Usado,"San eduardo, Cúcuta, Norte de santander",7.909132035807,-72.487002807565
P1753731104_17,https://www.fincaraiz.com.co/casa-en-venta-en-niza-cucuta/11082371,3,3,113,410.000.000,2025-07-28 14:31:44.887552,Usado,"Niza, Cúcuta, Norte de santander",7.9165600000001,-72.48648
P1753731108_18,https://www.fincaraiz.com.co/casa-en-venta-en-la-ceiba-cucuta/11082276,6,5,351,450.000.000,2025-07-28 14:31:48.019833,Usado,"La ceiba, Cúcuta, Norte de santander",7.90722,-72.49741
P1753731110_19,https://www.fincaraiz.com.co/casa-en-venta-en-loma-de-bolivar-cucuta/11082369,2,4,384,260.000.000,2025-07-28 14:31:50.355724,Usado,"Loma de bolivar, Cúcuta, Norte de santander",7.8891055872839,-72.516182165325
P1753731112_20,https://www.fincaraiz.com.co/casa-en-venta-en-latino-cucuta/11082445,2,3,400,1.400.000.000,2025-07-28 14:31:52.480222,Usado,"Latino, Cúcuta, Norte de santander",7.889616153549,-72.500562950754
P1753731122_0,https://www.fincaraiz.com.co/casa-en-venta-en-la-playa-cucuta/11082230,4,4,143,390.000.000,2025-07-28 14:32:02.633984,Usado,"La playa, Cúcuta, Norte de santander",7.880370081666,-72.499806135458
P1753731125_1,https://www.fincaraiz.com.co/casa-en-venta-en-popular-cucuta/11082387,7,6,400,1.200.000.000,2025-07-28 14:32:05.021034,Usado,"Popular, Cúcuta, Norte de santander",7.8922000000001,-72.4955
P1753731127_2,https://www.fincaraiz.com.co/casa-en-venta-en-bosques-de-pamplonita-cucuta/191298409,3,4,90,400.000.000,2025-07-28 14:32:07.306825,Usado,"Bosques de pamplonita, Cúcuta, Norte de santander",7.8869134199526,-72.487460374832
P1753731129_3,https://www.fincaraiz.com.co/casa-en-venta-en-centro-cucuta/11047327,4,4,160,360.000.000,2025-07-28 14:32:09.662048,Usado,"Centro, Cúcuta, Norte de santander",7.88410148813921,-72.4991181691214
P1753731132_4,https://www.fincaraiz.com.co/casa-en-venta-en-guaymaral-cucuta/11082446,3,2,140,420.000.000,2025-07-28 14:32:12.255702,Usado,"Guaymaral, Cúcuta, Norte de santander",7.9100500000001,-72.49329
P1753731134_5,https://www.fincaraiz.com.co/casa-en-venta-en-lleras-restrepo-cucuta/11082443,3,2,260,300.000.000,2025-07-28 14:32:14.454055,Usado,"Lleras restrepo, Cúcuta, Norte de santander",7.8944556372353,-72.500228514038
P1753731137_6,https://www.fincaraiz.com.co/casa-en-venta-en-niza-cucuta/10771411,3,5,155,640.000.000,2025-07-28 14:32:17.187661,Usado,"Niza, Cúcuta, Norte de santander",7.91656,-72.48648
P1753731140_7,https://www.fincaraiz.com.co/casa-en-venta-en-torcoroma-iii-cucuta/11082335,3,2,100,250.000.000,2025-07-28 14:32:20.145728,Usado,"Torcoroma iii, Cúcuta, Norte de santander",7.8914393149085,-72.471273578641
P1753731142_8,https://www.fincaraiz.com.co/casa-en-venta-en-el-salado-cucuta/11082167,3,8,300,600.000.000,2025-07-28 14:32:22.184327,Usado,"El salado, Cúcuta, Norte de santander",7.932360255662,-72.495523656553
P1753731144_9,https://www.fincaraiz.com.co/casa-en-venta-en-sevilla-cucuta/11082376,8,3,220,160.000.000,2025-07-28 14:32:24.672502,Usado,"Sevilla, Cúcuta, Norte de santander",7.9050300000001,-72.50737
P1753731146_10,https://www.fincaraiz.com.co/casa-en-venta-en-cucuta/10851481,3,3,146,350.000.000,2025-07-28 14:32:26.912057,Usado,"Cúcuta, Norte de santander",7.9108400000001,-72.50108
P1753731149_11,https://www.fincaraiz.com.co/casa-en-venta-en-san-luis-cucuta/191587628,6,3,120,300.000.000,2025-07-28 14:32:29.245510,Usado,"San luis, Cúcuta, Norte de santander",7.895054379462,-72.480731546299
P1753731152_12,https://www.fincaraiz.com.co/casa-en-venta-en-la-riviera-cucuta/191245017,4,4,257,850.000.000,2025-07-28 14:32:32.008920,Usado,"La riviera, Cúcuta, Norte de santander",7.889044586517,-72.4898554536
P1753731154_13,https://www.fincaraiz.com.co/casa-en-venta-en-oriental-cucuta/11082148,3,3,160,350.000.000,2025-07-28 14:32:34.832373,Usado,"Oriental, Cúcuta, Norte de santander",7.91043,-72.47359
P1753731157_14,https://www.fincaraiz.com.co/casa-en-venta-en-caobos-cucuta/192163957,3,3,425,1.200.000.000,2025-07-28 14:32:37.482390,Usado,"Caobos, Cúcuta, Norte de santander",7.8842933,-72.4966561
P1753731159_15,https://www.fincaraiz.com.co/casa-en-venta-en-san-miguel-cucuta/10945273,4,1,69,310.000.000,2025-07-28 14:32:39.992984,Usado,"San miguel, Cúcuta, Norte de santander",7.902955760965,-72.534785409426
P1753731162_16,https://www.fincaraiz.com.co/casa-en-venta-en-cucuta/191272522,3,3,150,350.000.000,2025-07-28 14:32:42.691890,Usado,"Cúcuta, Norte de santander",7.899907025309,-72.471790706448
P1753731164_17,https://www.fincaraiz.com.co/casa-en-venta-en-pisarreal-cucuta/10774750,3,2,90,170.000.000,2025-07-28 14:32:44.998645,Usado,"Pisarreal, Cúcuta, Norte de santander",7.896549994078,-72.473960012418
P1753731168_18,https://www.fincaraiz.com.co/casa-en-venta-en-la-ceiba-cucuta/11082156,4,7,370,1.200.000.000,2025-07-28 14:32:48.080840,Usado,"La ceiba, Cúcuta, Norte de santander",7.89528,-72.49755
P1753731169_19,https://www.fincaraiz.com.co/casa-en-venta-en-quinta-oriental-cucuta/11082471,4,4,300,470.000.000,2025-07-28 14:32:49.994933,Usado,"Quinta oriental, Cúcuta, Norte de santander",7.8939000344341,-72.492574920176
P1753731173_20,https://www.fincaraiz.com.co/casa-en-venta-en-torcoroma-siglo-xxi-cucuta/10774961,5,5,145,290.000.000,2025-07-28 14:32:53.343463,Usado,"Torcoroma siglo xxi, Cúcuta, Norte de santander",7.90092,-72.46924
P1753731182_0,https://www.fincaraiz.com.co/casa-en-venta-en-la-ceiba-cucuta/10774615,4,4,138,470.000.000,2025-07-28 14:33:02.708182,Usado,"La ceiba, Cúcuta, Norte de santander",7.89528,-72.49755
P1753731185_1,https://www.fincaraiz.com.co/casa-en-venta-en-parq-resid-los-libertadores-b-cucuta/11082424,3,4,270,485.000.000,2025-07-28 14:33:05.371641,Usado,"Parq resid los libertadores b, Cúcuta, Norte de santander",7.9021100000001,-72.48468
P1753731187_2,https://www.fincaraiz.com.co/casa-en-venta-en-el-contento-cucuta/11082238,4,4,179,700.000.000,2025-07-28 14:33:07.808742,Usado,"El contento, Cúcuta, Norte de santander",7.879229822406,-72.507677352678
P1753731189_3,https://www.fincaraiz.com.co/casa-en-venta-en-popular-cucuta/11045004,3,3,109,300.000.000,2025-07-28 14:33:09.804266,Usado,"Popular, Cúcuta, Norte de santander",7.8896443,-72.5040763
P1753731191_4,https://www.fincaraiz.com.co/casa-en-venta-en-aguas-calientes-cucuta/10797280,3,3,92,220.000.000,2025-07-28 14:33:11.864092,Usado,"Aguas calientes, Cúcuta, Norte de santander",7.886009212906,-72.472582759911
P1753731194_5,https://www.fincaraiz.com.co/casa-en-venta-en-ricaurte/191373032,3,2,126,270.000.000,2025-07-28 14:33:14.455083,Usado,"Ricaurte, Norte de santander",7.8947993447517,-72.481886591294
P1753731196_6,https://www.fincaraiz.com.co/casa-en-venta-en-guaymaral-cucuta/11082086,6,4,120,430.000.000,2025-07-28 14:33:16.888453,Usado,"Guaymaral, Cúcuta, Norte de santander",7.91005,-72.49329
P1753731199_7,https://www.fincaraiz.com.co/casa-en-venta-en-valle-esther-cucuta/11082241,3,2,221,180.000.000,2025-07-28 14:33:19.075891,Usado,"Valle esther, Cúcuta, Norte de santander",7.885782017357,-72.469198850776
P1753731201_8,https://www.fincaraiz.com.co/casa-en-venta-en-centro-cucuta/11047906,6,5,380,2.400.000.000,2025-07-28 14:33:21.248058,Usado,"Centro, Cúcuta, Norte de santander",7.8886436,-72.5041618
P1753731203_9,https://www.fincaraiz.com.co/casa-en-venta-en-torcoroma-ii-sc-i-cucuta/11029989,3,4,330,900.000.000,2025-07-28 14:33:23.541750,Usado,"Torcoroma ii sc i, Cúcuta, Norte de santander",7.901234764616,-72.471555302087
P1753731206_10,https://www.fincaraiz.com.co/casa-en-venta-en-el-contento-cucuta/11046943,20,10,919,1.100.000.000,2025-07-28 14:33:26.221606,Usado,"El contento, Cúcuta, Norte de santander",7.88414640643362,-72.5124667183483
P1753731208_11,https://www.fincaraiz.com.co/casa-en-venta-en-santa-ana-cucuta/10956157,5,4,420,1.200.000.000,2025-07-28 14:33:28.943726,Usado,"Santa ana, Cúcuta, Norte de santander",7.8905100000001,-72.46552
P1753731211_12,https://www.fincaraiz.com.co/casa-en-venta-en-alfonso-lopez-cucuta/191493465,3,1,250,320.000.000,2025-07-28 14:33:31.178854,Usado,"Alfonso lopez, Cúcuta, Norte de santander",7.875897487568,-72.513662154094
P1753731213_13,https://www.fincaraiz.com.co/casa-en-venta-en-niza-cucuta/192594520,3,3,99,430.000.000,2025-07-28 14:33:33.318587,Usado,"Niza, Cúcuta, Norte de santander",7.9142866951326,-72.48568450821
P1753731215_14,https://www.fincaraiz.com.co/casa-en-venta-en-zona-franca-cucuta/11082134,4,3,90,315.000.000,2025-07-28 14:33:35.337693,Usado,"Zona franca, Cúcuta, Norte de santander",7.920244850546,-72.492670559375
P1753731218_15,https://www.fincaraiz.com.co/casa-en-venta-en-quinta-oriental-cucuta/11047492,4,6,300,550.000.000,2025-07-28 14:33:38.800131,Usado,"Quinta oriental, Cúcuta, Norte de santander",7.919599,-72.5287222
P1753731221_16,https://www.fincaraiz.com.co/casa-en-venta-en-blanco-cucuta/11046779,5,4,237,780.000.000,2025-07-28 14:33:41.551755,Usado,"Blanco, Cúcuta, Norte de santander",7.87825584261731,-72.498898228223
P1753731223_17,https://www.fincaraiz.com.co/casa-en-venta-en-blanco-cucuta/10910517,4,3,154,330.000.000,2025-07-28 14:33:43.851621,Usado,"Blanco, Cúcuta, Norte de santander",7.876709232981,-72.499417361105
P1753731225_18,https://www.fincaraiz.com.co/casa-en-venta-en-quinta-oriental-cucuta/11082244,4,4,195,320.000.000,2025-07-28 14:33:45.925613,Usado,"Quinta oriental, Cúcuta, Norte de santander",7.895624988198,-72.495159982934
P1753731228_19,https://www.fincaraiz.com.co/casa-en-venta-en-quinta-velez-cucuta/3529968,5,3,300,550.000.000,2025-07-28 14:33:48.670596,Usado,"Quinta velez, Cúcuta, Norte de santander",7.8890971,-72.4966896
P1753731231_20,https://www.fincaraiz.com.co/casa-en-venta-en-ciudad-jardin-cucuta/11082384,3,1,139,270.000.000,2025-07-28 14:33:51.218135,Usado,"Ciudad jardin, Cúcuta, Norte de santander",7.9062000000001,-72.48927
P1753731240_0,https://www.fincaraiz.com.co/casa-en-venta-en-colsag-cucuta/11082191,6,7,305,800.000.000,2025-07-28 14:34:00.421867,Usado,"Colsag, Cúcuta, Norte de santander",7.89336,-72.48755
P1753731242_1,https://www.fincaraiz.com.co/casa-en-venta-en-callejon-cucuta/11082076,6,4,364,400.000.000,2025-07-28 14:34:02.503002,Usado,"Callejon, Cúcuta, Norte de santander",7.893880737511,-72.510921238161
P1753731244_2,https://www.fincaraiz.com.co/casa-en-venta-en-aeropuerto-cucuta/11082103,2,2,90,180.000.000,2025-07-28 14:34:04.992912,Usado,"Aeropuerto, Cúcuta, Norte de santander",7.925976402931,-72.505799240078
P1753731247_3,https://www.fincaraiz.com.co/casa-en-venta-en-san-martin-ii-cucuta/11082493,3,1,120,280.000.000,2025-07-28 14:34:07.951059,Usado,"San martin ii, Cúcuta, Norte de santander",7.9034400442166,-72.475024933217
P1753731250_4,https://www.fincaraiz.com.co/casa-en-venta-en-la-ceiba-cucuta/191357376,3,3,210,520.000.000,2025-07-28 14:34:10.667646,Usado,"La ceiba, Cúcuta, Norte de santander",7.8932850122886,-72.49668997363
P1753731253_5,https://www.fincaraiz.com.co/casa-en-venta-en-motilones-cucuta/11082320,7,4,270,350.000.000,2025-07-28 14:34:13.056712,Usado,"Motilones, Cúcuta, Norte de santander",7.9172998434842,-72.522400907185
P1753731255_6,https://www.fincaraiz.com.co/casa-en-venta-en-sevilla-cucuta/11082458,4,3,12508,800.000.000,2025-07-28 14:34:15.121040,Usado,"Sevilla, Cúcuta, Norte de santander",7.8975899912923,-72.502447207444
P1753731257_7,https://www.fincaraiz.com.co/casa-en-venta-en-la-playa-cucuta/191454001,5,2,325,900.000.000,2025-07-28 14:34:17.625815,Usado,"La playa, Cúcuta, Norte de santander",7.8909617,-72.4842484
P1753731260_8,https://www.fincaraiz.com.co/casa-en-venta-en-cucuta/191692277,4,4,90,380.000.000,2025-07-28 14:34:20.512350,Usado,"Cúcuta, Norte de santander",7.915254001466,-72.487980002765
P1753731262_9,https://www.fincaraiz.com.co/casa-en-venta-en-la-riviera-cucuta/191546210,3,2,244,800.000.000,2025-07-28 14:34:22.602123,Usado,"La riviera, Cúcuta, Norte de santander",7.891710296112,-72.492370046927
P1753731265_10,https://www.fincaraiz.com.co/casa-en-venta-en-colsag-cucuta/192444305,7,7,340,900.000.000,2025-07-28 14:34:25.011475,Usado,"Colsag, Cúcuta, Norte de santander",7.8890971,-72.4966896
P1753731267_11,https://www.fincaraiz.com.co/casa-en-venta-en-pescadero-colpet-cucuta/11082473,7,6,222,360.000.000,2025-07-28 14:34:27.439572,Usado,"Pescadero colpet, Cúcuta, Norte de santander",7.90966,-72.5041
P1753731269_12,https://www.fincaraiz.com.co/casa-en-venta-en-niza-cucuta/191516600,3,3,130,480.000.000,2025-07-28 14:34:29.598534,Usado,"Niza, Cúcuta, Norte de santander",7.9224344744578,-72.489895820618
P1753731271_13,https://www.fincaraiz.com.co/casa-en-venta-en-ceiba-ii-cucuta/11069808,3,4,210,500.000.000,2025-07-28 14:34:31.503615,Usado,"Ceiba ii, Cúcuta, Norte de santander",7.903254827272,-72.495071547433
P1753731274_14,https://www.fincaraiz.com.co/casa-en-venta-en-cr-villas-de-alcala-a-cucuta/10851632,3,4,115,360.000.000,2025-07-28 14:34:34.325345,Usado,"Cr villas de alcala a, Cúcuta, Norte de santander",7.911939269531,-72.486452884328
P1753731276_15,https://www.fincaraiz.com.co/casa-en-venta-en-cucuta/11109796,3,4,147,405.000.000,2025-07-28 14:34:36.523785,Usado,"Cúcuta, Norte de santander",7.912251980934,-72.486323990154
P1753731278_16,https://www.fincaraiz.com.co/casa-en-venta-en-ceiba-ii-cucuta/191633560,4,3,191,290.000.000,2025-07-28 14:34:38.888705,Usado,"Ceiba ii, Cúcuta, Norte de santander",7.905367618699,-72.497070019815
P1753731280_17,https://www.fincaraiz.com.co/casa-en-venta-en-caobos-cucuta/11029032,3,5,460,1.025.000.000,2025-07-28 14:34:40.975263,Usado,"Caobos, Cúcuta, Norte de santander",7.884544007426,-72.494251929454
P1753731283_18,https://www.fincaraiz.com.co/casa-en-venta-en-zona-industrial-comuna-6-cucuta/11082386,3,3,160,270.000.000,2025-07-28 14:34:43.504017,Usado,"Zona industrial comuna 6, Cúcuta, Norte de santander",7.9223707444976,-72.506207700547
P1753731285_19,https://www.fincaraiz.com.co/casa-en-venta-en-las-lomas-i-cucuta/192159782,4,5,240,1.600.000.000,2025-07-28 14:34:45.756884,Usado,"Las lomas i, Cúcuta, Norte de santander",7.8756274187485,-72.4916596412
P1753731288_20,https://www.fincaraiz.com.co/casa-en-venta-en-cucuta/192159315,3,3,248,1.100.000.000,2025-07-28 14:34:48.647055,Usado,"Cúcuta, Norte de santander",7.8628233521409,-72.466083166364
P1753731298_0,https://www.fincaraiz.com.co/casa-en-venta-en-paramo-cucuta/192314306,5,5,218,330.000.000,2025-07-28 14:34:58.619910,Usado,"Paramo, Cúcuta, Norte de santander",7.87970199151,-72.504674909871
P1753731300_1,https://www.fincaraiz.com.co/casa-en-venta-en-la-riviera-cucuta/192213798,5,4,244,800.000.000,2025-07-28 14:35:00.976145,Usado,"La riviera, Cúcuta, Norte de santander",7.891604,-72.492733
P1753731303_2,https://www.fincaraiz.com.co/casa-en-venta-en-quinta-velez-cucuta/192213380,4,5,322,1.100.000.000,2025-07-28 14:35:03.419505,Usado,"Quinta velez, Cúcuta, Norte de santander",7.883823,-72.496451
P1753731306_3,https://www.fincaraiz.com.co/casa-en-venta-en-blanco-cucuta/192159314,6,4,450,500.000.000,2025-07-28 14:35:06.116480,Usado,"Blanco, Cúcuta, Norte de santander",7.877837776711,-72.498113457112
P1753731308_4,https://www.fincaraiz.com.co/casa-en-venta-en-paramo-cucuta/192159611,10,8,520,450.000.000,2025-07-28 14:35:08.970361,Usado,"Paramo, Cúcuta, Norte de santander",7.88167,-72.50665
P1753731311_5,https://www.fincaraiz.com.co/casa-en-venta-en-latino-cucuta/192159887,4,4,372,750.000.000,2025-07-28 14:35:11.641582,Usado,"Latino, Cúcuta, Norte de santander",7.8890971,-72.4966896
P1753731314_6,https://www.fincaraiz.com.co/casa-en-venta-en-cucuta/192159895,3,4,188,700.000.000,2025-07-28 14:35:14.432293,Usado,"Cúcuta, Norte de santander",7.8890971,-72.4966896
P1753731316_7,https://www.fincaraiz.com.co/casa-en-venta-en-la-ceiba-cucuta/192159056,3,3,136,380.000.000,2025-07-28 14:35:16.567853,Usado,"La ceiba, Cúcuta, Norte de santander",7.9073382836366,-72.497174262935
P1753731319_8,https://www.fincaraiz.com.co/casa-en-venta-en-cundinamarca-cucuta/192158404,3,2,168,300.000.000,2025-07-28 14:35:19.015898,Usado,"Cundinamarca, Cúcuta, Norte de santander",7.885851716977,-72.518283044145
P1753731320_9,https://www.fincaraiz.com.co/casa-en-venta-en-sector-oriental-cucuta/192158519,3,4,126,450.000.000,2025-07-28 14:35:20.952592,Usado,"Sector oriental, Cúcuta, Norte de santander",7.9309550362968,-72.490515288773
P1753731323_10,https://www.fincaraiz.com.co/casa-en-venta-en-san-jose-de-cucuta-cucuta/192159140,3,1,93,120.000.000,2025-07-28 14:35:23.303465,Usado,"San jose de cucuta, Cúcuta, Norte de santander",7.8977272715348,-72.46904566884
P1753731326_11,https://www.fincaraiz.com.co/casa-en-venta-en-latino-cucuta/192159759,6,2,225,1.000.000.000,2025-07-28 14:35:26.245601,Usado,"Latino, Cúcuta, Norte de santander",7.8894026,-72.5017211
P1753731328_12,https://www.fincaraiz.com.co/casa-en-venta-en-la-cabrera-cucuta/192158579,3,4,115,255.000.000,2025-07-28 14:35:28.828238,Usado,"La cabrera, Cúcuta, Norte de santander",7.8793083938814,-72.505342540207
P1753731331_13,https://www.fincaraiz.com.co/casa-en-venta-en-quinta-oriental-cucuta/192158693,6,3,600,1.200.000.000,2025-07-28 14:35:31.207296,Usado,"Quinta oriental, Cúcuta, Norte de santander",7.8999098610894,-72.48845535225
P1753731333_14,https://www.fincaraiz.com.co/casa-en-venta-en-lleras-restrepo-cucuta/192159653,12,6,500,1.300.000.000,2025-07-28 14:35:33.877298,Usado,"Lleras restrepo, Cúcuta, Norte de santander",7.8953192,-72.4988699
P1753731336_15,https://www.fincaraiz.com.co/casa-en-venta-en-los-acacios-cucuta/192346805,8,5,197,630.000.000,2025-07-28 14:35:36.604050,Usado,"Los acacios, Cúcuta, Norte de santander",7.9062,-72.48927
P1753731339_16,https://www.fincaraiz.com.co/casa-en-venta-en-el-llano-cucuta/192159419,10,8,416,800.000.000,2025-07-28 14:35:39.151876,Usado,"El llano, Cúcuta, Norte de santander",7.8861122166046,-72.512024883181
P1753731341_17,https://www.fincaraiz.com.co/casa-en-venta-en-la-playa-cucuta/192158134,4,3,165,350.000.000,2025-07-28 14:35:41.654198,Usado,"La playa, Cúcuta, Norte de santander",7.882060013498,-72.503027915955
P1753731344_18,https://www.fincaraiz.com.co/casa-en-venta-en-cucuta/192158164,3,2,108,380.000.000,2025-07-28 14:35:44.581253,Usado,"Cúcuta, Norte de santander",7.9048542562105,-72.490458360572
P1753731347_19,https://www.fincaraiz.com.co/casa-en-venta-en-quinta-bosch-cucuta/192159589,5,5,300,600.000.000,2025-07-28 14:35:47.140673,Usado,"Quinta bosch, Cúcuta, Norte de santander",7.8985163308868,-72.497577667236
P1753731350_20,https://www.fincaraiz.com.co/casa-en-venta-en-cucuta/192159896,6,4,96,360.000.000,2025-07-28 14:35:50.493291,Usado,"Cúcuta, Norte de santander",7.9063901841522,-72.48655925926
P1753731363_0,https://www.fincaraiz.com.co/casa-en-venta-en-ceiba-ii-cucuta/192158759,4,4,150,460.000.000,2025-07-28 14:36:03.492260,Usado,"Ceiba ii, Cúcuta, Norte de santander",7.9054957691472,-72.496802386704
P1753731366_1,https://www.fincaraiz.com.co/casa-en-venta-en-la-playa-cucuta/7772390,3,4,143,390.000.000,2025-07-28 14:36:06.340227,Usado,"La playa, Cúcuta, Norte de santander",7.88361620507596,-72.4998095858287
P1753731368_2,https://www.fincaraiz.com.co/casa-en-venta-en-san-luis-cucuta/192158165,3,2,72,360.000.000,2025-07-28 14:36:08.407149,Usado,"San luis, Cúcuta, Norte de santander",7.9013237959246,-72.480585062912
P1753731370_3,https://www.fincaraiz.com.co/casa-en-venta-en-ceiba-ii-cucuta/192159743,4,3,585,900.000.000,2025-07-28 14:36:10.782920,Usado,"Ceiba ii, Cúcuta, Norte de santander",7.8946813361383,-72.503829591624
P1753731372_4,https://www.fincaraiz.com.co/casa-en-venta-en-la-playa-cucuta/192158730,4,3,230,430.000.000,2025-07-28 14:36:12.941752,Usado,"La playa, Cúcuta, Norte de santander",7.8835773240484,-72.497124251786
P1753731375_5,https://www.fincaraiz.com.co/casa-en-venta-en-tasajero-cucuta/192158622,5,4,99,350.000.000,2025-07-28 14:36:15.378813,Usado,"Tasajero, Cúcuta, Norte de santander",7.9217473779348,-72.491309222642
P1753731377_6,https://www.fincaraiz.com.co/casa-en-venta-en-blanco-cucuta/192159662,3,3,300,900.000.000,2025-07-28 14:36:17.569687,Usado,"Blanco, Cúcuta, Norte de santander",7.8765339,-72.4980711
P1753731379_7,https://www.fincaraiz.com.co/casa-en-venta-en-cucuta/192158664,3,3,87,340.000.000,2025-07-28 14:36:19.713631,Usado,"Cúcuta, Norte de santander",7.9040935632186,-72.493133124772
P1753731383_8,https://www.fincaraiz.com.co/casa-en-venta-en-pescadero-colpet-cucuta/192159676,5,3,260,400.000.000,2025-07-28 14:36:23.089299,Usado,"Pescadero colpet, Cúcuta, Norte de santander",7.9038076834205,-72.50126481078
P1753731385_9,https://www.fincaraiz.com.co/casa-en-venta-en-palma-real-cucuta/192512190,2,3,56,160.000.000,2025-07-28 14:36:25.409147,Usado,"Palma real, Cúcuta, Norte de santander",7.909472951668,-72.483273925079
P1753731388_10,https://www.fincaraiz.com.co/casa-en-venta-en-cucuta/192159108,3,3,79,240.000.000,2025-07-28 14:36:28.082034,Usado,"Cúcuta, Norte de santander",7.9095944005408,-72.525823705546
P1753731390_11,https://www.fincaraiz.com.co/casa-en-venta-en-caobos-cucuta/192158654,4,3,143,440.000.000,2025-07-28 14:36:30.972613,Usado,"Caobos, Cúcuta, Norte de santander",7.8839242252955,-72.492553767624
P1753731393_12,https://www.fincaraiz.com.co/casa-en-venta-en-bellavista-villa-del-rosario/11082498,5,7,497,2.200.000,2025-07-28 14:36:33.480102,Usado,"Bellavista, Villa del rosario, Norte de santander",7.8790103029805,-72.479550857253
P1753731396_13,https://www.fincaraiz.com.co/casa-en-venta-en-el-llano-cucuta/192200716,7,4,197,800.000.000,2025-07-28 14:36:36.269425,Usado,"El llano, Cúcuta, Norte de santander",7.8827307244121,-72.509803505722
P1753731398_14,https://www.fincaraiz.com.co/casa-en-venta-en-san-eduardo-cucuta/192158749,6,3,193,350.000.000,2025-07-28 14:36:38.875517,Usado,"San eduardo, Cúcuta, Norte de santander",7.90588,-72.48703
P1753731401_15,https://www.fincaraiz.com.co/casa-en-venta-en-prados-del-este-cucuta/192158829,3,3,90,370.000.000,2025-07-28 14:36:41.166452,Usado,"Prados del Este, Cúcuta, Norte de santander",7.907961115669,-72.472980303298
P1753731403_16,https://www.fincaraiz.com.co/casa-en-venta-en-prados-del-este-cucuta/192159125,3,3,92,370.000.000,2025-07-28 14:36:43.676010,Usado,"Prados del Este, Cúcuta, Norte de santander",7.9108542139867,-72.472694509379
P1753731405_17,https://www.fincaraiz.com.co/casa-en-venta-en-quinta-oriental-cucuta/192158145,5,5,232,1.608.700.000,2025-07-28 14:36:45.550456,Usado,"Quinta oriental, Cúcuta, Norte de santander",7.895842016626,-72.492510002336
P1753731408_18,https://www.fincaraiz.com.co/casa-en-venta-en-la-riviera-cucuta/192159573,6,4,300,1.800.000.000,2025-07-28 14:36:48.622793,Usado,"La riviera, Cúcuta, Norte de santander",7.8907558534001,-72.492563277483
P1753731411_19,https://www.fincaraiz.com.co/casa-en-venta-en-cucuta/192158507,2,2,50,126.000.000,2025-07-28 14:36:51.880036,Usado,"Cúcuta, Norte de santander",7.8890262646128,-72.477909565005
P1753731414_20,https://www.fincaraiz.com.co/casa-en-venta-en-torcoroma-ii-sc-i-cucuta/192158771,3,3,94,320.000.000,2025-07-28 14:36:54.432713,Usado,"Torcoroma ii sc i, Cúcuta, Norte de santander",7.897410019253,-72.470489988323
P1753731424_0,https://www.fincaraiz.com.co/casa-en-venta-en-popular-cucuta/192159297,7,6,195,1.200.000.000,2025-07-28 14:37:04.216111,Usado,"Popular, Cúcuta, Norte de santander",7.8927653648537,-72.495025544704
P1753731426_1,https://www.fincaraiz.com.co/casa-en-venta-en-cucuta/192158243,3,4,120,800.000.000,2025-07-28 14:37:06.443224,Usado,"Cúcuta, Norte de santander",7.936561344162,-72.50564721064
P1753731428_2,https://www.fincaraiz.com.co/casa-en-venta-en-cucuta/192159900,3,2,80,140.000.000,2025-07-28 14:37:08.300590,Usado,"Cúcuta, Norte de santander",7.9438116524772,-72.510611324478
P1753731430_3,https://www.fincaraiz.com.co/casa-en-venta-en-la-riviera-cucuta/192159469,7,5,330,1.100.000.000,2025-07-28 14:37:10.290963,Usado,"La riviera, Cúcuta, Norte de santander",7.8904880466098,-72.492002963954
P1753731432_4,https://www.fincaraiz.com.co/casa-en-venta-en-quinta-bosch-cucuta/192159229,3,2,94,420.000.000,2025-07-28 14:37:12.427778,Usado,"Quinta bosch, Cúcuta, Norte de santander",7.8974700336798,-72.498109884379
P1753731434_5,https://www.fincaraiz.com.co/casa-en-venta-en-el-contento-cucuta/192158105,1,2,134,160.000.000,2025-07-28 14:37:14.597189,Usado,"El contento, Cúcuta, Norte de santander",7.8817957756257,-72.513989982072
P1753731436_6,https://www.fincaraiz.com.co/casa-en-venta-en-ceiba-ii-cucuta/192599216,3,3,102,430.000.000,2025-07-28 14:37:16.766737,Usado,"Ceiba ii, Cúcuta, Norte de santander",7.9063203776691,-72.496237258148
P1753731439_7,https://www.fincaraiz.com.co/casa-en-venta-en-lleras-restrepo-cucuta/192158352,5,3,239,520.000.000,2025-07-28 14:37:19.232477,Usado,"Lleras restrepo, Cúcuta, Norte de santander",7.8975234392267,-72.498433268829
P1753731441_8,https://www.fincaraiz.com.co/casa-en-venta-en-lleras-restrepo-cucuta/192158565,3,3,80,350.000.000,2025-07-28 14:37:21.457212,Usado,"Lleras restrepo, Cúcuta, Norte de santander",7.898695118801,-72.503218230668
P1753731444_9,https://www.fincaraiz.com.co/casa-en-venta-en-cucuta/192159802,4,5,570,1.250.000.000,2025-07-28 14:37:24.589238,Usado,"Cúcuta, Bogotá, d.c.",4.6549649749701,-74.092195518315
P1753731447_10,https://www.fincaraiz.com.co/casa-en-venta-en-cucuta/11111930,6,3,359,313.171.017,2025-07-28 14:37:27.904913,Usado,"Cúcuta, Norte de santander",7.905863,-72.4983623
P1753731450_11,https://www.fincaraiz.com.co/casa-en-venta-en-prados-del-este-cucuta/192379283,3,2,112,320.000.000,2025-07-28 14:37:30.376984,Usado,"Prados del Este, Cúcuta, Norte de santander",7.9132440994987,-72.471265929293
P1753731453_12,https://www.fincaraiz.com.co/casa-en-venta-en-cucuta/192177243,4,6,280,680.000.000,2025-07-28 14:37:33.040600,Usado,"Cúcuta, Norte de santander",7.8862388,-72.4913939
P1753731455_13,https://www.fincaraiz.com.co/casa-en-venta-en-trigal-del-norte-cucuta/192159644,3,2,90,135.000.000,2025-07-28 14:37:35.075938,Usado,"Trigal del norte, Cúcuta, Norte de santander",7.8927169087377,-72.499006278813
P1753731457_14,https://www.fincaraiz.com.co/casa-en-venta-en-cucuta/192159721,4,5,188,450.000.000,2025-07-28 14:37:37.377101,Usado,"Cúcuta, Norte de santander",7.8922068027747,-72.501023299992
P1753731459_15,https://www.fincaraiz.com.co/casa-en-venta-en-cucuta/192159763,5,8,490,1.800.000.000,2025-07-28 14:37:39.934809,Usado,"Cúcuta, Norte de santander",7.896187,-72.4805241
P1753731461_16,https://www.fincaraiz.com.co/casa-en-venta-en-santa-helena-cucuta/192276756,3,1,92,240.000.000,2025-07-28 14:37:41.956504,Usado,"Santa helena, Cúcuta, Norte de santander",7.9168050818102,-72.489891334267
P1753731464_17,https://www.fincaraiz.com.co/casa-en-venta-en-san-miguel-cucuta/192184083,5,1,197,180.000.000,2025-07-28 14:37:44.667632,Usado,"San miguel, Cúcuta, Norte de santander",7.886965078249,-72.515661238001
P1753731466_18,https://www.fincaraiz.com.co/casa-en-venta-en-sector-oriental-cucuta/192503773,3,2,90,190.000.000,2025-07-28 14:37:46.901335,Usado,"Sector oriental, Cúcuta, Norte de santander",7.910041137512,-72.48379036661
P1753731469_19,https://www.fincaraiz.com.co/casa-en-venta-en-trigal-del-norte-cucuta/192158902,3,2,90,120.000.000,2025-07-28 14:37:49.191849,Usado,"Trigal del norte, Cúcuta, Norte de santander",7.946290990467,-72.507476589099
P1753731471_20,https://www.fincaraiz.com.co/casa-en-venta-en-caobos-cucuta/192159934,5,5,323,950.000.000,2025-07-28 14:37:51.314872,Usado,"Caobos, Cúcuta, Norte de santander",7.8857942,-72.497136
P1753731480_0,https://www.fincaraiz.com.co/casa-en-venta-en-caobos-cucuta/192159934,5,5,323,950.000.000,2025-07-28 14:38:00.346126,Usado,"Caobos, Cúcuta, Norte de santander",7.8857942,-72.497136
P1753731482_1,https://www.fincaraiz.com.co/casa-en-venta-en-san-luis-cucuta/192159930,4,5,210,700.000.000,2025-07-28 14:38:02.582832,Usado,"San luis, Cúcuta, Norte de santander",7.887615820782,-72.486904151738
P1753731484_2,https://www.fincaraiz.com.co/casa-en-venta-en-lleras-restrepo-cucuta/192158642,5,5,350,2.000.000.000,2025-07-28 14:38:04.458786,Usado,"Lleras restrepo, Cúcuta, Norte de santander",7.8957015412647,-72.498004016343
P1753731486_3,https://www.fincaraiz.com.co/casa-en-venta-en-torcoroma-siglo-xxi-cucuta/192158814,2,2,63,160.000.000,2025-07-28 14:38:06.528623,Usado,"Torcoroma siglo xxi, Cúcuta, Norte de santander",7.8972227265889,-72.467834529343
P1753731488_4,https://www.fincaraiz.com.co/casa-en-venta-en-cucuta/192158735,5,6,360,670.000.000,2025-07-28 14:38:08.655102,Usado,"Cúcuta, Norte de santander",7.8440317754118,-72.520663318101
P1753731490_5,https://www.fincaraiz.com.co/casa-en-venta-en-cucuta/192159001,8,3,260,350.000.000,2025-07-28 14:38:10.893842,Usado,"Cúcuta, Norte de santander",7.8756324867961,-72.527357243432
P1753731493_6,https://www.fincaraiz.com.co/casa-en-venta-en-niza-cucuta/192159744,3,3,124,380.000.000,2025-07-28 14:38:13.311626,Usado,"Niza, Cúcuta, Norte de santander",7.9157450790241,-72.485801696712
P1753731495_7,https://www.fincaraiz.com.co/casa-en-venta-en-la-ceiba-cucuta/192493193,8,9,420,1.300.000.000,2025-07-28 14:38:15.341563,Usado,"La ceiba, Cúcuta, Norte de santander",7.931377009299,-72.506293369532
P1753731497_8,https://www.fincaraiz.com.co/casa-en-venta-en-la-ceiba-cucuta/192159655,6,3,252,750.000.000,2025-07-28 14:38:17.918923,Usado,"La ceiba, Cúcuta, Norte de santander",7.9078566786161,-72.497300057948
P1753731500_9,https://www.fincaraiz.com.co/casa-en-venta-en-circunvalacion-cucuta/192158242,3,2,141,200.000.000,2025-07-28 14:38:20.271814,Usado,"Circunvalacion, Cúcuta, Norte de santander",7.8795519218352,-72.509679794312
P1753731502_10,https://www.fincaraiz.com.co/casa-en-venta-en-zona-franca-cucuta/192159645,8,6,180,350.000.000,2025-07-28 14:38:22.603531,Usado,"Zona franca, Cúcuta, Norte de santander",7.9272732,-72.4987538
P1753731504_11,https://www.fincaraiz.com.co/casa-en-venta-en-prados-del-este-cucuta/192561036,6,3,101,400.000.000,2025-07-28 14:38:25.024402,Usado,"Prados del Este, Cúcuta, Norte de santander",7.9129901216883,-72.473545074463
P1753731507_12,https://www.fincaraiz.com.co/casa-en-venta-en-las-lomas-i-cucuta/192159510,5,6,351,1.600.000.000,2025-07-28 14:38:27.466763,Usado,"Las lomas i, Cúcuta, Norte de santander",7.87571,-72.49065
P1753731510_13,https://www.fincaraiz.com.co/casa-en-venta-en-san-luis-cucuta/192159471,3,2,68,200.000.000,2025-07-28 14:38:30.073000,Usado,"San luis, Cúcuta, Norte de santander",7.8931700000001,-72.48302
P1753731512_14,https://www.fincaraiz.com.co/casa-en-venta-en-el-contento-cucuta/7651752,5,2,442,300.000.000,2025-07-28 14:38:32.599314,Usado,"El contento, Cúcuta, Norte de santander",7.88180685043335,-72.5126953125
P1753731514_15,https://www.fincaraiz.com.co/casa-en-venta-en-buena-esperanza-cucuta/192159901,3,5,220,1.200.000.000,2025-07-28 14:38:34.797956,Usado,"Buena esperanza, Cúcuta, Norte de santander",8.17088,-72.47749
P1753731517_16,https://www.fincaraiz.com.co/casa-en-venta-en-lleras-restrepo-cucuta/192159530,8,6,425,2.800.000.000,2025-07-28 14:38:37.358235,Usado,"Lleras restrepo, Cúcuta, Norte de santander",7.8931845053174,-72.500336654484
P1753731519_17,https://www.fincaraiz.com.co/casa-en-venta-en-atalaya-cucuta/192159857,8,8,380,350.000.000,2025-07-28 14:38:39.720998,Usado,"Atalaya, Cúcuta, Norte de santander",7.9120499,-72.5116578
P1753731522_18,https://www.fincaraiz.com.co/casa-en-venta-en-ceiba-ii-cucuta/192158618,4,3,214,750.000.000,2025-07-28 14:38:42.424501,Usado,"Ceiba ii, Cúcuta, Norte de santander",7.906555134105,-72.498476085129
P1753731525_19,https://www.fincaraiz.com.co/casa-en-venta-en-los-acacios-cucuta/192159819,9,5,130,450.000.000,2025-07-28 14:38:45.389303,Usado,"Los acacios, Cúcuta, Norte de santander",7.9047065421721,-72.489342212612
P1753731528_20,https://www.fincaraiz.com.co/casa-en-venta-en-rosal-del-norte-cucuta/192159841,3,2,99,200.000.000,2025-07-28 14:38:48.376607,Usado,"Rosal del norte, Cúcuta, Norte de santander",7.9137923,-72.5111866
P1753731537_0,https://www.fincaraiz.com.co/casa-en-venta-en-rincon-de-los-prados-cucuta/192213985,3,4,161,440.000.000,2025-07-28 14:38:57.450935,Usado,"Rincon de los prados, Cúcuta, Norte de santander",7.904866,-72.484684
P1753731539_1,https://www.fincaraiz.com.co/casa-en-venta-en-quinta-oriental-cucuta/192159916,6,4,390,600.000.000,2025-07-28 14:38:59.483853,Usado,"Quinta oriental, Cúcuta, Norte de santander",7.8991176643561,-72.491952952805
P1753731541_2,https://www.fincaraiz.com.co/casa-en-venta-en-bellavista-cucuta/192159637,3,4,350,600.000.000,2025-07-28 14:39:01.769966,Usado,"Bellavista, Cúcuta, Norte de santander",7.8884872610985,-72.494736202061
P1753731544_3,https://www.fincaraiz.com.co/casa-en-venta-en-la-riviera-cucuta/192158617,8,6,455,1.300.000.000,2025-07-28 14:39:04.959641,Usado,"La riviera, Cúcuta, Norte de santander",7.8907321083392,-72.488723433586
P1753731546_4,https://www.fincaraiz.com.co/casa-en-venta-en-niza-cucuta/192158220,3,3,114,350.000.000,2025-07-28 14:39:06.829080,Usado,"Niza, Cúcuta, Norte de santander",7.922900771874,-72.489986548891
P1753731548_5,https://www.fincaraiz.com.co/casa-en-venta-en-trigal-del-norte-cucuta/192158169,3,1,80,130.000.000,2025-07-28 14:39:08.732394,Usado,"Trigal del norte, Cúcuta, Norte de santander",7.9442228720628,-72.507065803281
P1753731550_6,https://www.fincaraiz.com.co/casa-en-venta-en-nuevo-escobal-cucuta/192158877,2,1,93,160.000.000,2025-07-28 14:39:10.842502,Usado,"Nuevo escobal, Cúcuta, Norte de santander",7.9155254822903,-72.463746660105
P1753731553_7,https://www.fincaraiz.com.co/casa-en-venta-en-ceiba-ii-cucuta/192183872,4,4,210,485.000.000,2025-07-28 14:39:13.509134,Usado,"Ceiba ii, Cúcuta, Norte de santander",7.8957668678476,-72.499032313721
P1753731557_9,https://www.fincaraiz.com.co/casa-en-venta-en-cucuta/192514676,6,4,206,500.000.000,2025-07-28 14:39:17.990065,Usado,"Cúcuta, Norte de santander",7.913205,-72.474969
P1753731560_10,https://www.fincaraiz.com.co/casa-en-venta-en-paramo-cucuta/192159076,3,1,61,180.000.000,2025-07-28 14:39:20.295132,Usado,"Paramo, Cúcuta, Norte de santander",7.8806516050017,-72.504673719422
P1753731562_11,https://www.fincaraiz.com.co/casa-en-venta-en-bellavista-cucuta/192158634,4,2,159,550.000.000,2025-07-28 14:39:22.773124,Usado,"Bellavista, Cúcuta, Norte de santander",7.8696389659777,-72.49035667206
P1753731565_12,https://www.fincaraiz.com.co/casa-en-venta-en-ciudad-jardin-cucuta/192159555,7,2,311,380.000.000,2025-07-28 14:39:25.464383,Usado,"Ciudad jardin, Cúcuta, Norte de santander",7.90912,-72.48895
P1753731567_13,https://www.fincaraiz.com.co/casa-en-venta-en-ub-san-martin-cucuta/192345179,6,3,104,300.000.000,2025-07-28 14:39:27.733839,Usado,"Ub san martin, Cúcuta, Norte de santander",7.9110937376758,-72.468011675955
P1753731569_14,https://www.fincaraiz.com.co/casa-en-venta-en-cucuta/192547401,6,4,400,2.200.000.000,2025-07-28 14:39:29.881666,Usado,"Cúcuta, Norte de santander",7.885102914717,-72.491707441776
P1753731572_15,https://www.fincaraiz.com.co/casa-en-venta-en-los-acacios-cucuta/192158988,3,5,394,750.000.000,2025-07-28 14:39:32.221669,Usado,"Los acacios, Cúcuta, Norte de santander",7.9062,-72.48927
P1753731574_16,https://www.fincaraiz.com.co/casa-en-venta-en-la-libertad-cucuta/192158143,9,9,400,700.000.000,2025-07-28 14:39:34.693588,Usado,"La libertad, Cúcuta, Norte de santander",7.882302996265,-72.482902292496
P1753731576_17,https://www.fincaraiz.com.co/casa-en-venta-en-el-rosal-cucuta/192159610,6,4,170,490.000.000,2025-07-28 14:39:36.808950,Usado,"El rosal, Cúcuta, Norte de santander",7.8733569256394,-72.501297586314
P1753731579_18,https://www.fincaraiz.com.co/casa-en-venta-en-atalaya-cucuta/192315492,4,4,230,310.000.000,2025-07-28 14:39:39.523930,Usado,"Atalaya, Cúcuta, Norte de santander",7.9110002712345,-72.525322437286
P1753731581_19,https://www.fincaraiz.com.co/casa-en-venta-en-palmeras-cucuta/192638487,4,5,223,1.700.000.000.000,2025-07-28 14:39:41.944019,Usado,"Palmeras, Cúcuta, Norte de santander",7.9085832,-72.5328582
P1753731584_20,https://www.fincaraiz.com.co/casa-en-venta-en-quinta-bosch-cucuta/192159807,3,2,150,550.000.000,2025-07-28 14:39:44.147601,Usado,"Quinta bosch, Cúcuta, Norte de santander",7.896418279859,-72.496444702083
P1753731594_0,https://www.fincaraiz.com.co/casa-en-venta-en-popular-cucuta/192159227,5,4,318,650.000.000,2025-07-28 14:39:54.100517,Usado,"Popular, Cúcuta, Norte de santander",7.8922000000001,-72.4955
P1753731596_1,https://www.fincaraiz.com.co/casa-en-venta-en-quinta-bosch-cucuta/192159807,3,2,150,550.000.000,2025-07-28 14:39:56.045098,Usado,"Quinta bosch, Cúcuta, Norte de santander",7.896418279859,-72.496444702083
P1753731598_2,https://www.fincaraiz.com.co/casa-en-venta-en-callejon-cucuta/192158547,8,4,300,290.000.000,2025-07-28 14:39:58.267065,Usado,"Callejon, Cúcuta, Norte de santander",7.8965657790458,-72.509505328599
P1753731600_3,https://www.fincaraiz.com.co/casa-en-venta-en-el-bosque-cucuta/192271977,4,4,114,380.000.000,2025-07-28 14:40:00.694720,Usado,"El bosque, Cúcuta, Norte de santander",7.911367690149,-72.502641124885
P1753731602_4,https://www.fincaraiz.com.co/casa-en-venta-en-prados-club-cucuta/192582109,3,4,134,360.000.000,2025-07-28 14:40:02.949142,Usado,"Prados club, Cúcuta, Norte de santander",7.9030593705507,-72.485604286194
P1753731605_5,https://www.fincaraiz.com.co/casa-en-venta-en-prados-del-norte-cucuta/192612705,3,3,92,220.000.000,2025-07-28 14:40:05.244008,Usado,"Prados del norte, Cúcuta, Norte de santander",7.9163153530451,-72.491244849625
P1753731608_6,https://www.fincaraiz.com.co/casa-en-venta-en-la-ceiba-cucuta/192159774,7,6,265,650.000.000,2025-07-28 14:40:08.482224,Usado,"La ceiba, Cúcuta, Norte de santander",7.9063438775119,-72.49419164651
P1753731610_7,https://www.fincaraiz.com.co/casa-en-venta-en-popular-cucuta/192159718,5,5,300,1.800.000.000,2025-07-28 14:40:10.975941,Usado,"Popular, Cúcuta, Norte de santander",7.8890971,-72.4966896
P1753731614_8,https://www.fincaraiz.com.co/casa-en-venta-en-niza-cucuta/192158807,3,5,290,560.000.000,2025-07-28 14:40:14.163854,Usado,"Niza, Cúcuta, Norte de santander",7.91656,-72.48648
P1753731616_9,https://www.fincaraiz.com.co/casa-en-venta-en-lleras-restrepo-cucuta/192159328,3,3,157,400.000.000,2025-07-28 14:40:16.351120,Usado,"Lleras restrepo, Cúcuta, Norte de santander",7.8968126171561,-72.502858935477
P1753731619_10,https://www.fincaraiz.com.co/casa-en-venta-en-ub-san-martin-cucuta/192574391,14,6,320,250.000.000,2025-07-28 14:40:19.567618,Usado,"Ub san martin, Cúcuta, Norte de santander",7.9075492261177,-72.471635341644
P1753731621_11,https://www.fincaraiz.com.co/casa-en-venta-en-popular-cucuta/192159799,5,4,275,600.000.000,2025-07-28 14:40:21.679078,Usado,"Popular, Cúcuta, Norte de santander",7.8922000000001,-72.4955
P1753731624_12,https://www.fincaraiz.com.co/casa-en-venta-en-popular-cucuta/7921854,3,5,299,600.000.000,2025-07-28 14:40:24.366637,Usado,"Popular, Cúcuta, Norte de santander",7.89199924468994,-72.4960403442383
P1753731626_13,https://www.fincaraiz.com.co/casa-en-venta-en-cucuta-san-cayetano/192158479,2,2,41,100.000.000,2025-07-28 14:40:26.386002,Usado,"Cúcuta, Norte de santander",7.8876333613282,-72.548335058527
P1753731629_14,https://www.fincaraiz.com.co/casa-en-venta-en-zulima-cucuta/192158659,4,3,152,315.000.000,2025-07-28 14:40:29.331245,Usado,"Zulima, Cúcuta, Norte de santander",7.9120521952313,-72.49038654274
P1753731631_15,https://www.fincaraiz.com.co/casa-en-venta-en-popular-cucuta/7767305,4,4,273,475.000.000,2025-07-28 14:40:31.479248,Usado,"Popular, Cúcuta, Norte de santander",7.89205021309917,-72.4961048596176
P1753731633_16,https://www.fincaraiz.com.co/casa-en-venta-en-atalaya-cucuta/192159477,7,4,130,260.000.000,2025-07-28 14:40:33.878274,Usado,"Atalaya, Cúcuta, Norte de santander",7.9028367363992,-72.516958236629
P1753731636_17,https://www.fincaraiz.com.co/casa-en-venta-en-cucuta/192158484,4,4,78,350.000.000,2025-07-28 14:40:36.634059,Usado,"Cúcuta, Norte de santander",7.9430820863857,-72.503816119352
P1753731638_18,https://www.fincaraiz.com.co/casa-en-venta-en-gratamina-cucuta/192158917,5,4,108,360.000.000,2025-07-28 14:40:38.932376,Usado,"Gratamina, Cúcuta, Norte de santander",7.913141688567,-72.486924165279
P1753731641_19,https://www.fincaraiz.com.co/casa-en-venta-en-loma-de-bolivar-cucuta/192158789,4,3,160,290.000.000,2025-07-28 14:40:41.783137,Usado,"Loma de bolivar, Cúcuta, Norte de santander",7.8881523495732,-72.516157206956
P1753731644_20,https://www.fincaraiz.com.co/casa-en-venta-en-portachuela-cucuta/192159868,6,5,135,385.000.000,2025-07-28 14:40:44.129069,Usado,"Portachuela, Cúcuta, Norte de santander",7.9109766268561,-72.501208305293
P1753731653_0,https://www.fincaraiz.com.co/casa-en-venta-en-portachuela-cucuta/192159868,6,5,135,385.000.000,2025-07-28 14:40:53.327375,Usado,"Portachuela, Cúcuta, Norte de santander",7.9109766268561,-72.501208305293
P1753731655_1,https://www.fincaraiz.com.co/casa-en-venta-en-lleras-restrepo-cucuta/192159484,9,7,313,600.000.000,2025-07-28 14:40:55.963010,Usado,"Lleras restrepo, Cúcuta, Norte de santander",7.8972610084819,-72.501765266061
P1753731658_2,https://www.fincaraiz.com.co/casa-en-venta-en-ub-playa-hermosa-cucuta/192659067,4,4,163,470.000.000,2025-07-28 14:40:58.450399,Usado,"Ub playa hermosa, Cúcuta, Norte de santander",7.906176492262,-72.482769069138
P1753731661_3,https://www.fincaraiz.com.co/casa-en-venta-en-portachuela-cucuta/192159659,3,3,85,350.000.000,2025-07-28 14:41:01.634721,Usado,"Portachuela, Cúcuta, Norte de santander",7.8903280456614,-72.513049502086
P1753731666_4,https://www.fincaraiz.com.co/casa-en-venta-en-ceiba-ii-cucuta/192159810,3,1,156,320.000.000,2025-07-28 14:41:06.693983,Usado,"Ceiba ii, Cúcuta, Norte de santander",7.8899474,-72.4988648
P1753731668_5,https://www.fincaraiz.com.co/casa-en-venta-en-caobos-cucuta/192159646,3,3,361,1.500.000.000,2025-07-28 14:41:08.893529,Usado,"Caobos, Cúcuta, Norte de santander",7.8832276,-72.4962608
P1753731671_6,https://www.fincaraiz.com.co/casa-en-venta-en-los-patios/192159742,3,3,250,750.000.000,2025-07-28 14:41:11.394399,Usado,"Los patios, Norte de santander",8.16285,-72.45965
P1753731675_7,https://www.fincaraiz.com.co/casa-en-venta-en-paramo-cucuta/192159863,4,2,125,170.000.000,2025-07-28 14:41:15.379633,Usado,"Paramo, Cúcuta, Norte de santander",7.8792674537641,-72.503500837993
P1753731678_8,https://www.fincaraiz.com.co/casa-en-venta-en-quinta-bosch-cucuta/192159435,5,4,210,520.000.000,2025-07-28 14:41:18.713018,Usado,"Quinta bosch, Cúcuta, Norte de santander",7.8991114453604,-72.491912841797
P1753731680_9,https://www.fincaraiz.com.co/casa-en-venta-en-ceiba-ii-cucuta/192158201,4,2,116,390.000.000,2025-07-28 14:41:20.706890,Usado,"Ceiba ii, Cúcuta, Norte de santander",7.9099880739276,-72.494659423828
P1753731684_10,https://www.fincaraiz.com.co/casa-en-venta-en-quinta-oriental-cucuta/192346789,6,4,119,350.000.000,2025-07-28 14:41:24.485626,Usado,"Quinta oriental, Cúcuta, Norte de santander",7.8934851882039,-72.490028858119
P1753731686_11,https://www.fincaraiz.com.co/casa-en-venta-en-la-libertad-cucuta/192159312,4,3,166,315.000.000,2025-07-28 14:41:26.818131,Usado,"La libertad, Cúcuta, Norte de santander",7.8909164660086,-72.477069494489
P1753731690_12,https://www.fincaraiz.com.co/casa-en-venta-en-san-miguel-cucuta/192158568,6,2,250,320.000.000,2025-07-28 14:41:30.331790,Usado,"San miguel, Cúcuta, Norte de santander",7.887511388939,-72.518174228135
P1753731692_13,https://www.fincaraiz.com.co/casa-en-venta-en-zona-franca-cucuta/192158628,3,3,134,350.000.000,2025-07-28 14:41:32.786769,Usado,"Zona franca, Cúcuta, Norte de santander",7.9210498353989,-72.496180114213
P1753731694_14,https://www.fincaraiz.com.co/casa-en-venta-en-sevilla-cucuta/192158718,3,2,140,220.000.000,2025-07-28 14:41:34.857881,Usado,"Sevilla, Cúcuta, Norte de santander",7.911321186172,-72.504891929093
P1753731696_15,https://www.fincaraiz.com.co/casa-en-venta-en-ciudad-jardin-cucuta/192159734,3,3,127,350.000.000,2025-07-28 14:41:36.992302,Usado,"Ciudad jardin, Cúcuta, Norte de santander",7.9112812153221,-72.486888942185
P1753731699_16,https://www.fincaraiz.com.co/casa-en-venta-en-el-llano-cucuta/192158569,3,4,300,380.000.000,2025-07-28 14:41:39.360262,Usado,"El llano, Cúcuta, Norte de santander",7.888451846677,-72.509591159287
P1753731701_17,https://www.fincaraiz.com.co/casa-en-venta-en-ceiba-ii-cucuta/192158365,4,4,149,560.000.000,2025-07-28 14:41:41.611357,Usado,"Ceiba ii, Cúcuta, Norte de santander",7.9040855328134,-72.498614168766
P1753731705_18,https://www.fincaraiz.com.co/casa-en-venta-en-la-sabana-cucuta/192158930,3,2,105,300.000.000,2025-07-28 14:41:45.067059,Usado,"La sabana, Cúcuta, Norte de santander",7.933423757818,-72.518179995057
P1753731708_19,https://www.fincaraiz.com.co/casa-en-venta-en-tasajero-cucuta/192159847,4,3,120,260.000.000,2025-07-28 14:41:48.049213,Usado,"Tasajero, Cúcuta, Norte de santander",7.9203056798267,-72.491999525737
P1753731778_0,https://www.fincaraiz.com.co/casa-en-venta-en-latino-cucuta/192655270,4,4,390,680.000,2025-07-28 14:42:58.650632,Usado,"Latino, Cúcuta, Norte de santander",7.889314,-72.499865
P1753731780_1,https://www.fincaraiz.com.co/casa-en-venta-en-sevilla-cucuta/192158588,6,3,250,200.000.000,2025-07-28 14:43:00.961225,Usado,"Sevilla, Cúcuta, Norte de santander",7.9009016139085,-72.507702884141
P1753731783_2,https://www.fincaraiz.com.co/casa-en-venta-en-carora-cucuta/192337009,5,4,202,320.000.000,2025-07-28 14:43:03.531288,Usado,"Carora, Cúcuta, Norte de santander",7.892670011098,-72.512249971047
P1753731785_3,https://www.fincaraiz.com.co/casa-en-venta-en-bocono-cucuta/192159102,3,2,82,200.000.000,2025-07-28 14:43:05.916625,Usado,"Bocono, Cúcuta, Norte de santander",7.8947719684595,-72.466865764363
P1753731788_4,https://www.fincaraiz.com.co/casa-en-venta-en-cucuta/192158305,5,3,63,260.000.000,2025-07-28 14:43:08.073516,Usado,"Cúcuta, Norte de santander",7.9064345526644,-72.515569522873
P1753731790_5,https://www.fincaraiz.com.co/casa-en-venta-en-caobos-cucuta/192159343,4,5,432,1.350.000.000,2025-07-28 14:43:10.396471,Usado,"Caobos, Cúcuta, Norte de santander",7.885420213585,-72.495048344135
P1753731793_6,https://www.fincaraiz.com.co/casa-en-venta-en-quinta-oriental-cucuta/192159915,4,3,272,1.100.000.000,2025-07-28 14:43:13.177077,Usado,"Quinta oriental, Cúcuta, Norte de santander",7.8983369993483,-72.489215880632
P1753731795_7,https://www.fincaraiz.com.co/casa-en-venta-en-colsag-cucuta/192158605,4,3,160,350.000.000,2025-07-28 14:43:15.132801,Usado,"Colsag, Cúcuta, Norte de santander",7.8933275192744,-72.48744684166
P1753731800_8,https://www.fincaraiz.com.co/casa-en-venta-en-la-cabrera-cucuta/192158646,4,3,149,230.000.000,2025-07-28 14:43:20.399748,Usado,"La cabrera, Cúcuta, Norte de santander",7.879314190962,-72.501201209488
P1753731803_9,https://www.fincaraiz.com.co/casa-en-venta-en-la-riviera-cucuta/192159599,4,5,154,400.000.000,2025-07-28 14:43:23.094820,Usado,"La riviera, Cúcuta, Norte de santander",7.8905154117667,-72.492820769548
P1753731805_10,https://www.fincaraiz.com.co/casa-en-venta-en-ceiba-ii-cucuta/192394569,4,6,232,440.000.000,2025-07-28 14:43:25.225323,Usado,"Ceiba ii, Cúcuta, Norte de santander",7.904851011888,-72.494862886376
P1753731807_11,https://www.fincaraiz.com.co/casa-en-venta-en-la-libertad-cucuta/192159298,6,2,168,220.000.000,2025-07-28 14:43:27.836213,Usado,"La libertad, Cúcuta, Norte de santander",7.8845071689201,-72.479528377004
P1753731810_12,https://www.fincaraiz.com.co/casa-en-venta-en-atalaya-cucuta/192158955,6,3,302,380.000.000,2025-07-28 14:43:30.017659,Usado,"Atalaya, Cúcuta, Norte de santander",7.9042495855425,-72.521284103132
P1753731813_13,https://www.fincaraiz.com.co/casa-en-venta-en-aeropuerto-cucuta/192159186,3,1,110,160.000.000,2025-07-28 14:43:33.016493,Usado,"Aeropuerto, Cúcuta, Norte de santander",7.9349442554242,-72.503199577332
P1753731816_14,https://www.fincaraiz.com.co/casa-en-venta-en-colsag-cucuta/192159758,4,2,200,370.000.000,2025-07-28 14:43:36.720917,Usado,"Colsag, Cúcuta, Norte de santander",7.8960075,-72.5001339
P1753731819_15,https://www.fincaraiz.com.co/casa-en-venta-en-la-cabrera-cucuta/192158949,7,2,205,290.000.000,2025-07-28 14:43:39.280115,Usado,"La cabrera, Cúcuta, Norte de santander",7.8781039170814,-72.498912334377
P1753731821_16,https://www.fincaraiz.com.co/casa-en-venta-en-niza-cucuta/192159356,3,3,142,310.000.000,2025-07-28 14:43:41.842108,Usado,"Niza, Cúcuta, Norte de santander",7.9220642353751,-72.488570806745
P1753731824_17,https://www.fincaraiz.com.co/casa-en-venta-en-atalaya-cucuta/192158236,5,3,210,250.000.000,2025-07-28 14:43:44.343798,Usado,"Atalaya, Cúcuta, Norte de santander",7.9128493181668,-72.52100944519
P1753731828_18,https://www.fincaraiz.com.co/casa-en-venta-en-niza-cucuta/192158214,4,4,199,480.000.000,2025-07-28 14:43:48.095355,Usado,"Niza, Cúcuta, Norte de santander",7.9162285894052,-72.486290931702
P1753731830_19,https://www.fincaraiz.com.co/casa-en-venta-en-la-ceiba-cucuta/192159354,6,6,293,1.000.000.000,2025-07-28 14:43:50.632121,Usado,"La ceiba, Cúcuta, Norte de santander",7.8956249881981,-72.495159982934
P1753731833_20,https://www.fincaraiz.com.co/casa-en-venta-en-latino-cucuta/192159755,3,3,350,1.000.000.000,2025-07-28 14:43:53.639748,Usado,"Latino, Cúcuta, Norte de santander",7.8890971,-72.4966896
P1753731843_0,https://www.fincaraiz.com.co/casa-en-venta-en-san-luis-cucuta/192158408,3,3,102,400.000.000,2025-07-28 14:44:03.314535,Usado,"San luis, Cúcuta, Norte de santander",7.8867635854534,-72.48452042068
P1753731845_1,https://www.fincaraiz.com.co/casa-en-venta-en-zulima-cucuta/192177382,3,3,257,620.000.000,2025-07-28 14:44:05.877276,Usado,"Zulima, Cúcuta, Norte de santander",7.9115655553049,-72.489762235103
P1753731848_2,https://www.fincaraiz.com.co/casa-en-venta-en-caobos-cucuta/192159331,3,5,261,1.000.000.000,2025-07-28 14:44:08.248503,Usado,"Caobos, Cúcuta, Norte de santander",7.8849050268642,-72.494939714015
P1753731850_3,https://www.fincaraiz.com.co/casa-en-venta-en-ceiba-ii-cucuta/192158964,3,4,166,450.000.000,2025-07-28 14:44:10.599952,Usado,"Ceiba ii, Cúcuta, Norte de santander",7.9041799794435,-72.49948096277
P1753731853_4,https://www.fincaraiz.com.co/casa-en-venta-en-ceiba-ii-cucuta/192340835,6,4,108,570.000.000,2025-07-28 14:44:13.296942,Usado,"Ceiba ii, Cúcuta, Norte de santander",7.9020502937219,-72.499542581384
P1753731855_5,https://www.fincaraiz.com.co/casa-en-venta-en-la-cabrera-cucuta/192159134,5,5,184,350.000.000,2025-07-28 14:44:15.631964,Usado,"La cabrera, Cúcuta, Norte de santander",7.8792997833251,-72.503160953456
P1753731857_6,https://www.fincaraiz.com.co/casa-en-venta-en-el-contento-cucuta/192581311,4,1,180,260.000.000,2025-07-28 14:44:17.918595,Usado,"El contento, Cúcuta, Norte de santander",7.915885431828,-72.512773178046
P1753731863_7,https://www.fincaraiz.com.co/casa-en-venta-en-villas-del-escobal-cucuta/192159476,3,2,105,165.000.000,2025-07-28 14:44:23.167127,Usado,"Villas del escobal, Cúcuta, Norte de santander",7.9116936648059,-72.464511394501
P1753731866_8,https://www.fincaraiz.com.co/casa-en-venta-en-quinta-bosch-cucuta/192159680,5,4,244,860.000.000,2025-07-28 14:44:26.949256,Usado,"Quinta bosch, Cúcuta, Norte de santander",7.8914841515827,-72.493448741734
P1753731869_9,https://www.fincaraiz.com.co/casa-en-venta-en-cucuta/192159904,6,3,250,200.000.000,2025-07-28 14:44:29.540707,Usado,"Cúcuta, Norte de santander",7.8957247,-72.5339098
P1753731871_10,https://www.fincaraiz.com.co/casa-en-venta-en-caobos-cucuta/192159461,3,3,183,1.200.000.000,2025-07-28 14:44:31.623732,Usado,"Caobos, Cúcuta, Norte de santander",7.8837019551044,-72.493350505829
P1753731873_11,https://www.fincaraiz.com.co/casa-en-venta-en-san-luis-cucuta/192158768,3,2,90,198.000.000,2025-07-28 14:44:33.862436,Usado,"San luis, Cúcuta, Norte de santander",7.8943553359134,-72.481288489762
P1753731876_12,https://www.fincaraiz.com.co/casa-en-venta-en-caobos-cucuta/192159657,4,3,190,550.000.000,2025-07-28 14:44:36.531283,Usado,"Caobos, Cúcuta, Norte de santander",7.8843876896308,-72.495114326412
P1753731878_13,https://www.fincaraiz.com.co/casa-en-venta-en-caobos-cucuta/192159869,4,2,429,1.200.000.000,2025-07-28 14:44:38.763203,Usado,"Caobos, Cúcuta, Norte de santander",7.8845364735113,-72.494813919002
P1753731881_14,https://www.fincaraiz.com.co/casa-en-venta-en-quinta-bosch-cucuta/192159398,5,7,306,900.000.000,2025-07-28 14:44:41.086600,Usado,"Quinta bosch, Cúcuta, Norte de santander",7.8989711352451,-72.498806957155
P1753731883_15,https://www.fincaraiz.com.co/casa-en-venta-en-la-ceiba-cucuta/192681874,8,6,360,1.100.000.000,2025-07-28 14:44:43.697370,Usado,"La ceiba, Cúcuta, Norte de santander",7.894382975347,-72.502000683543
P1753731886_16,https://www.fincaraiz.com.co/casa-en-venta-en-molinos-del-norte-b-cucuta/192409386,2,1,72,130.000.000,2025-07-28 14:44:46.277439,Usado,"Molinos del norte b, Cúcuta, Norte de santander",7.9476238,-72.5086859
P1753731888_17,https://www.fincaraiz.com.co/casa-en-venta-en-la-ceiba-cucuta/192159809,12,5,346,600.000.000,2025-07-28 14:44:48.734813,Usado,"La ceiba, Cúcuta, Norte de santander",7.9063863849109,-72.494685172969
P1753731891_18,https://www.fincaraiz.com.co/casa-en-venta-en-la-ceiba-cucuta/192159910,3,4,271,1.090.000.000,2025-07-28 14:44:51.139457,Usado,"La ceiba, Cúcuta, Norte de santander",7.8960857,-72.4998659
P1753731894_19,https://www.fincaraiz.com.co/casa-en-venta-en-prados-del-este-cucuta/192612685,3,3,69,365.000.000,2025-07-28 14:44:54.266693,Usado,"Prados del Este, Cúcuta, Norte de santander",7.9112580296848,-72.47043090767
P1753731896_20,https://www.fincaraiz.com.co/casa-en-venta-en-aniversario-i-cucuta/192158322,3,1,54,220.000.000,2025-07-28 14:44:56.285704,Usado,"Aniversario i, Cúcuta, Norte de santander",7.8897933110879,-72.473886688965
P1753731905_0,https://www.fincaraiz.com.co/casa-en-venta-en-quinta-bosch-cucuta/192159154,5,5,258,800.000.000,2025-07-28 14:45:05.854909,Usado,"Quinta bosch, Cúcuta, Norte de santander",7.8983723824374,-72.498905238572
P1753731907_1,https://www.fincaraiz.com.co/casa-en-venta-en-atalaya-cucuta/192159618,4,4,200,110.000.000,2025-07-28 14:45:07.656784,Usado,"Atalaya, Cúcuta, Norte de santander",7.9140621851304,-72.506161779238
P1753731909_2,https://www.fincaraiz.com.co/casa-en-venta-en-popular-cucuta/192159475,9,9,313,1.200.000.000,2025-07-28 14:45:09.997985,Usado,"Popular, Cúcuta, Norte de santander",7.8927139198374,-72.495002746582
P1753731913_3,https://www.fincaraiz.com.co/casa-en-venta-en-san-martin-ii-cucuta/192158428,3,2,120,250.000.000,2025-07-28 14:45:13.158764,Usado,"San martin ii, Cúcuta, Norte de santander",7.9003861018527,-72.472333967562
P1753731915_4,https://www.fincaraiz.com.co/casa-en-venta-en-cr-parque-central-cucuta/191320265,3,4,200,450.000.000,2025-07-28 14:45:15.176469,Usado,"Cr parque central, Cúcuta, Norte de santander",7.903623652998,-72.482446585598
P1753731918_5,https://www.fincaraiz.com.co/casa-en-venta-en-las-lomas-i-cucuta/192159527,5,5,497,1.950.000.000,2025-07-28 14:45:18.156135,Usado,"Las lomas i, Cúcuta, Norte de santander",7.8760067769638,-72.491148107401
P1753731920_6,https://www.fincaraiz.com.co/casa-en-venta-en-quinta-bosch-cucuta/192505140,8,6,362,1.100.000.000,2025-07-28 14:45:20.722219,Usado,"Quinta bosch, Cúcuta, Norte de santander",7.893569012123,-72.4981088622
P1753731923_7,https://www.fincaraiz.com.co/casa-en-venta-en-universidad-libre-cucuta/192159783,4,3,106,450.000.000,2025-07-28 14:45:23.116058,Usado,"Universidad libre, Cúcuta, Norte de santander",7.9128443369093,-72.49928522855
P1753731924_8,https://www.fincaraiz.com.co/casa-en-venta-en-san-cayetano/192159095,2,1,59,64.000.000,2025-07-28 14:45:24.616543,Usado,"San cayetano, Norte de santander",7.8733772755015,-72.552265226841
P1753731926_9,https://www.fincaraiz.com.co/casa-en-venta-en-callejon-cucuta/192159622,6,3,462,1.100.000.000,2025-07-28 14:45:26.873689,Usado,"Callejon, Cúcuta, Norte de santander",7.8924631537501,-72.505396001688
P1753731929_10,https://www.fincaraiz.com.co/casa-en-venta-en-tasajero-cucuta/192159762,3,3,160,315.000.000,2025-07-28 14:45:29.228998,Usado,"Tasajero, Cúcuta, Norte de santander",7.9183391,-72.4960914
P1753731931_11,https://www.fincaraiz.com.co/casa-en-venta-en-san-luis-cucuta/192158841,5,3,56,280.000.000,2025-07-28 14:45:31.671352,Usado,"San luis, Cúcuta, Norte de santander",7.8993173441415,-72.480422258377
P1753731933_12,https://www.fincaraiz.com.co/casa-en-venta-en-tasajero-cucuta/192158797,4,3,110,270.000.000,2025-07-28 14:45:33.765877,Usado,"Tasajero, Cúcuta, Norte de santander",7.9191140015889,-72.491201934281
P1753731936_13,https://www.fincaraiz.com.co/casa-en-venta-en-el-salado-cucuta/192159650,7,3,186,210.000.000,2025-07-28 14:45:36.432170,Usado,"El salado, Cúcuta, Norte de santander",7.9395514,-72.50919
P1753731939_14,https://www.fincaraiz.com.co/casa-en-venta-en-bocono-villa-del-rosario/192159411,5,6,342,2.500.000.000,2025-07-28 14:45:39.166960,Usado,"Bocono, Villa del rosario, Norte de santander",7.8940801771182,-72.466176040471
P1753731941_15,https://www.fincaraiz.com.co/casa-en-venta-en-trigal-del-norte-cucuta/192158991,3,1,86,90.000.000,2025-07-28 14:45:41.266492,Usado,"Trigal del norte, Cúcuta, Norte de santander",7.9437420510589,-72.509988784659
P1753731944_16,https://www.fincaraiz.com.co/casa-en-venta-en-popular-cucuta/192159235,6,5,191,550.000.000,2025-07-28 14:45:44.074246,Usado,"Popular, Cúcuta, Norte de santander",7.8922000000001,-72.4955
P1753731946_17,https://www.fincaraiz.com.co/casa-en-venta-en-aeropuerto-cucuta/192158873,10,6,193,450.000.000,2025-07-28 14:45:46.442657,Usado,"Aeropuerto, Cúcuta, Norte de santander",7.922763142322,-72.517835128629
P1753731949_18,https://www.fincaraiz.com.co/casa-en-venta-en-quinta-oriental-cucuta/192159725,4,6,710,1.100.000.000,2025-07-28 14:45:49.758945,Usado,"Quinta oriental, Cúcuta, Norte de santander",7.8951824120162,-72.499070651829
P1753731952_19,https://www.fincaraiz.com.co/casa-en-venta-en-motilones-cucuta/192341088,4,4,66,330.000.000,2025-07-28 14:45:52.053012,Usado,"Motilones, Cúcuta, Norte de santander",7.915675948823,-72.524424176313
P1753731954_20,https://www.fincaraiz.com.co/casa-en-venta-en-latino-cucuta/192158912,4,2,187,430.000.000,2025-07-28 14:45:54.869650,Usado,"Latino, Cúcuta, Norte de santander",7.8887899881821,-72.500439279102
